PROJETO,SUBPROJETO,AUTOR,TITULO,DATA,TIPO_DOCUMENTO,AREA_TEMATICA,STATUS,TIPO_PUBLICACAO,LINK_REAL,TAGS,,,,,,,,,,,,,,,
TCCE 1/2018,SUBPROJETO 2,DIEGO DE MEDEIROS BENTO,FILOGEOGRAFIA DE INVERTEBRADOS CAVERNÍCOLAS EM FORMAÇÕES FERRÍFERAS E CARBONÁTICAS - EVOLUÇÃO E CONECTIVIDADE BIOLÓGICA EM AMBIENTES SUBTERRÂNEOS COMO DEFINIDORES DE AÇÕES DE CONSERVAÇÃO,09/2024,RELATÓRIO TÉCNICO FINAL,MEIO BIÓTICO,PRODUZIDO,ARQUIVO PDF,SUBPROJETO_2_(DIEGO_MEDEIROS)_FILOGEOGRAFIA_DE_INVERTEBRADOS,FILOGEOGRAFIA; INVERTEBRADOS; EVOLUÇÃO; CONSERVAÇÃO,,,,,,,,,,,,,,,
TCCE 1/2018,SUBPROJETO 3,"LUIS BEETHOVEN PILÓ, JOCY BRANDÃO CRUZ, ALLAN SILAS CALUX","BAT CAVES EM CAVERNAS FERRÍFERA DA FLORESTA NACIONAL DE CARAJÁS: ASPECTOS FÍSICOS, BIOLÓGICOS E CRONOLÓGICOS",01/2026,RELATÓRIO TÉCNICO FINAL,MEIO BIÓTICO,PRODUZIDO,ARQUIVO PDF,SUBPROJETO_3_(LUIS_PILÓ)_BAT_CAVES_EM_CAVERNAS_FERRÍFERAS,MORCEGOS; CAVERNAS; FERRÍFERAS; CARAJÁS,,,,,,,,,,,,,,,
TCCE 1/2018,SUBPROJETO 4.1,"ENRICO BERNARD, NARJARA TÉRCIA PIMENTAL","MONITORAMENTO TÉRMICO DE BAT CAVES NA FLORESTA NACIONAL DE CARAJÁS, SERRA NORTE - PARAUAPEBAS/PA",06/2023,RELATÓRIO TÉCNICO FINAL,MEIO BIÓTICO,PRODUZIDO,ARQUIVO PDF,SUBPROJETO_4.1_(ENRICO_BERNARD)_MONITORAMENTO_TÉRMICO,BAT CAVES; TÉRMICO; FERRÍFERAS; CARAJÁS; EDITAL,,,,,,,,,,,,,,,
TCCE 1/2018,SUBPROJETO 4.2,MARIA ELINA BICHUETTE,"ASSOCIAÇÃO DE MORCEGOS (MAMMALIA, CHIROPTERA) A CAVIDADES FERRÍFERAS ATRAVÉS DE LEVANTAMENTO SIMPLES - A IMPORTÂNCIA DAS AICOM's e SICOM's",12/2023,RELATÓRIO TÉCNICO FINAL,MEIO BIÓTICO,PRODUZIDO,ARQUIVO PDF,SUBPROJETO_4.2_(MARIA_ELINA)_ASSOCIAÇÃO_DE_MORCEGOS,MORCEGOS; CHIROPTERA; FERRÍFERAS; CARAJÁS; EDITAL,,,,,,,,,,,,,,,
TCCE 1/2018,SUBPROJETO 4.3,ADRIANA MARIA COIMBRA HORBE,GEOQUÍMICA E ISÓTOPOS APLICADOS AO ESTUDO GEOECOLÓGICO DAS CAVERNAS DA REGIÃO DE CARAJÁS,10/2023,RELATÓRIO TÉCNICO FINAL,MEIO FÍSICO,PRODUZIDO,ARQUIVO PDF,SUBPROJETO_4.3_(ADRIANA_HORBE)_GEOQUÍMICA_E_ISÓTOPOS,GEOQUÍMICA; ISÓTOPOS; GEOECOLOGIA; FERRÍFERAS; CARAJÁS; EDITAL,,,,,,,,,,,,,,,
TCCE 1/2018,SUBPROJETO 4.4,JULIO CESAR PIECZARKA,"MORCEGOS DE CAVERNAS: CONHECER PARA PRESERVAR. DIVERSIDADE GENÉTICA, BANCO DE CÉLULAS E DE TECIDOS",10/2023,RELATÓRIO TÉCNICO FINAL,MEIO BIÓTICO,PRODUZIDO,ARQUIVO PDF,SUBPROJETO_4.4_(JULIO_CESAR)_MORCEGOS_DE_CAVERNAS,MORCEGOS; CHIROPTERA; FERRÍFERAS; CARAJÁS; EDITAL,,,,,,,,,,,,,,,
TCCE 1/2018,SUBPROJETO 4.5,JONAS EDUARDO GALLÃO,"DIVERSIDADE DE ARTHROPODA EM CAVIDADES FA FLORESTA NACIONAL DE CARAJÁS E PARQUE NACIONA DOS CAMPOS FERRUGINOSOS - O HABITAT SUBTERRÂNEO, A CONECTIVIDADE ENTRE SUAS POPULAÇÕES E A INFLUÊNCIA DO ENTORNO",04/2024,RELATÓRIO TÉCNICO FINAL,MEIO BIÓTICO,PRODUZIDO,ARQUIVO PDF,SUBPROJETO_4.5_(JONAS_GALLÃO)_DIVERSIDADE_DE_ARTHROPODA,ARTHROPODA; FERRÍFERAS; CARAJÁS; EDITAL,,,,,,,,,,,,,,,
TCCE 1/2018,SUBPROJETO 5.1,ALEXANDRE BONESSO SAMPAIO,"RESTAURAÇÃO ECOLÓGICA DE ÁREAS DEGRADADAS NO ENTRONO DE CAVIDADES NATURAIS NA APA NASCENTES DO RIO VERMELHO, GO",08/2025,RELATÓRIO TÉCNICO FINAL,OUTROS,PRODUZIDO,ARQUIVO PDF,SUBPROJETO_5.1_(ALEXANDRE_SAMPAIO)_RESTAURAÇÃO_ECOLÓGICA,RESTAURAÇÃO; ECOLOGIA; PASTAGEM; APANRV,,,,,,,,,,,,,,,
TCCE 1/2018,SUBPROJETO 5.2,ROGÉRIO ELIAS SOARES UAGODA,"SUSCEPTIBILIDADE, HIDROLOGIA E GEOMORFOLOGIA CÁRSTICA APLICADAS À CONSERVAÇÃO DO PATRIMÔNIO ESPELEOLÓGICO DA ÁREA DE PROTAÇÃO AMBIENTAL DAS NASCENTES DO RIO VERMELHO",08/2023,RELATÓRIO TÉCNICO FINAL,MEIO FÍSICO,PRODUZIDO,ARQUIVO PDF,SUBPROJETO_5.2_(ROGÉRIO_UAGODA)_HIDROLOGIA,HIDROLOGIA; GEOMORFOLOGIA; CARSTE; APANRV,,,,,,,,,,,,,,,
TCCE 1/2018,SUBPROJETO 5.3.1,JOCY BRANDÃO CRUZ,LEVANTAMENTO ESPELEOTOPOGRÁFICO DA APA NASCENTES DO RIO VERMELHO,01/2026,RELATÓRIO TÉCNICO FINAL,OUTROS,PRODUZIDO,ARQUIVO PDF,SUBPROJETO_5.3.1_(JOCY_CRUZ)_LEVANTAMENTO_ESPELEOTOPOGRAFICO_APANRV,ESPELEOTOPOGRAFIA; APANRV; MAPEAMENTO,,,,,,,,,,,,,,,
TCCE 1/2018,SUBPROJETO 5.3.2,JOCY BRANDÃO CRUZ,APOIO À GESTÃO DA APA NASCENTES DO RIO VERMELHO,01/2026,RELATÓRIO TÉCNICO FINAL,OUTROS,PRODUZIDO,ARQUIVO PDF,SUBPROJETO_5.3.2_(JOCY_CRUZ)_APOIO_A_GESTÃO_APANRV,GESTÃO; APANRV,,,,,,,,,,,,,,,
TCCE 1/2018,SUBPROJETO 6,"ÉZIO LUIZ RUBBIOLI, AUGUSTO SARREIRO AULER, MARIA ELINA BICHUETTE, ANDRÉ GOMIDE VASCONCELOS","ESTUDOS PARA DEFINIÇÃO DE ÁREAS PRIORITÁRIAS PARA A CONSERVAÇÃO DO PATRIMÔNIO ESPELEOLÓGICO NA SERRA DO RAMALHO, BA",11/2024,RELATÓRIO TÉCNICO FINAL,OUTROS,PRODUZIDO,ARQUIVO PDF,SUBPROJETO_6_(ÉZIO_RUBIOLLI)_ESTUDOS_PARA_DEFINIÇÃO,CONSERVAÇÃO; PRIORITÁRIA; PATRIMÔNIO,,,,,,,,,,,,,,,
TCCE 1/2018,SUBPROJETO 7,FLÁVIO SILVA RAMOS,SISTEMA DE CADASTRO NACIONAL DE INFORMAÇÕES ESPELEOLÓGICAS (CANIE),05/2024,RELATÓRIO TÉCNICO FINAL,OUTROS,PRODUZIDO,ARQUIVO PDF,SUBPROJETO_7_(FLÁVIO_RAMOS)_CANIE,CADASTRO; CANIE; INFORMAÇÕES;  PATRIMÔNIO; ESPELOMETRIA,,,,,,,,,,,,,,,
TCCE 1/2018,SUBPROJETO 12,MAURÍCIO CARLOS MARTINS DE ANDRADE,ECOLOGIA DE VERTEBRADOS ASSOCIADOS A CAVERNAS DO ESPINHAÇO MERIDIONAL,04/2024,RELATÓRIO TÉCNICO FINAL,MEIO BIÓTICO,PRODUZIDO,ARQUIVO PDF,SUBPROJETO_12_(MAURÍCIO_ANDRADE)_ECOLOGIA_VERTEBRADOS,ECOLOGIA; VERTEBRADO; ESPINHAÇO,,,,,,,,,,,,,,,
TCCE 1/2018,SUBPROJETO 13,RODRIGO LOPES FERREIRA,DISPERSÃO VERSUS CONFINAMENTO: ANÁLISE COMPOSICIONAL E DE ESTRUTURA DE HABITAT COMO SUBSÍDIO À COMPREENSÃO DE MECANISMOS RESPONSÁVEIS PELA IDENTIDADE FAUNÍSTICA SUBTERRÂNEA,03/2024,RELATÓRIO TÉCNICO FINAL,MEIO BIÓTICO,PRODUZIDO,ARQUIVO PDF,SUBPROJETO_13_(RODRIGO_LOPES)_DISPERSÃO_VERSUS_CONFINAMENTO,DISPERSÃO; CONFINAMENTO; HABITAT; MECANISMO,,,,,,,,,,,,,,,
TCCE 1/2018,SUBPROJETO 16,"FRANCISCO WILLIAN DA CRUZ JÚNIOR, DANIEL DE STEFANO MENIN",EXPOSIÇÃO PERMANENTE NOS CENTROS DE VISITANTES DO PARQUE NACIONAL CAVERNAS DO PERUAÇU,12/2024,RELATÓRIO TÉCNICO FINAL,OUTROS,PRODUZIDO,ARQUIVO PDF,SUBPROJETO_16_(CHICO_BILl)_EXPOSIÇÃO_PERUAÇU,EXPOSIÇÃO; VISITANTE; PERUAÇU,,,,,,,,,,,,,,,
TCCE 1/2018,SUBPROJETO 17.1,KARINA DIAS DA SILVA,"DIVERSIDADE TAXONÔMICA DE INSETOS AQUÁTICOS (EPHEMEROPTERA, PLECOPTERA, TRICHOPTERA, HETEROPTERA, ODONATA ADULTO) NEOTROPICAIS EM IGARAPÉS DAS ÁREAS FERRUGINOSAS DO BRASIL",04/2024,RELATÓRIO TÉCNICO FINAL,MEIO BIÓTICO,PRODUZIDO,ARQUIVO PDF,SUBPROJETO_17.1_(KARINA_SILVA)_DIVERSIDADE_TAXONÔMICA,INSETO; AQUÁTICO; NEOTROPICAIS; IGARAPÉS; FERRUGINOSAS; EDITAL,,,,,,,,,,,,,,,
TCCE 1/2018,SUBPROJETO 17.2,FABIANA GISELE DA SILVA PINTO,DIVERSIDADE METABARCODING E FUNCIONAL DE COMUNIDADES MICROBIANAS DO SOLO DE CAVERNAS FERRÍFERAS DO PARQUE NACIONAL DOS CAMPOS FERRUGINOSOS - PA,04/2024,RELATÓRIO TÉCNICO FINAL,OUTROS,PRODUZIDO,ARQUIVO PDF,SUBPROJETO_17.2_(FABIANA)_DIVERSIDADE_METABARCODING,METABARCODIN; GENÉTICA; MICOLOGIA; FERRUGINOSAS; EDITAL,,,,,,,,,,,,,,,
TCCE 1/2018,SUBPROJETO 17.3,ÚRSULA DE AZEVEDO RUCHKYS,"ESTUDOS DA PAISAGEM, DA GEODIVERSIDADE E PROPOSTAS DE GEOCONSERVAÇÃO DO GEOSSISTEMA FERRUGINOSO CARAJÁS - PA",04/2024,RELATÓRIO TÉCNICO FINAL,MEIO FÍSICO,PRODUZIDO,ARQUIVO PDF,SUBPROJETO_17.3_(ÚRSULA)_ESTUDO_PAISAGEM,GEODIVERSIDADE; GEOCONSERVAÇÃO; FERRUGINOSAS; EDITAL,,,,,,,,,,,,,,,
TCCE 1/2018,SUBPROJETO 17.4,"PAULO EDUARDO DE OLIVEIRA, LUIZA SANTOS REIS",REGISTRO PALEOAMBIENTAIS DE DEPÓSITOS DE GUANO EM CAVERNAS FERRÍFERAS DA FLORESTA NACIONAL DE CARAJÁS,04/2024,RELATÓRIO TÉCNICO FINAL,OUTROS,PRODUZIDO,ARQUIVO PDF,SUBPROJETO_17.4_(PAULO_EDUARDO)_REGISTRO_PALEOAMBIENTAIS,PALEOCLIMA; CHIROPTERA; CARAJÁS; FERRUGINOSAS; EDITAL,,,,,,,,,,,,,,,
TCCE 1/2018,SUBPROJETO 17.5,THIAGO BERNARDI VIEIRA,"PASSADO, PRESENTE E FUTURO PARA A CONSERVAÇÃO DAS ÁREAS CAVERNÍCOLAS E DOS SERVIÇOS ECOSSISTÊMICOS PRESTADOS POR MORCEGOS",04/2024,RELATÓRIO TÉCNICO FINAL,MEIO BIÓTICO,PRODUZIDO,ARQUIVO PDF,SUBPROJETO_17.5_(THIAGO_BERNARDI)_PASSADO_PRESENTE_FUTURO,CHIROPTERA; DISTRIBUIÇÃO; ECOSSISTEMA; FERRUGINOSAS; EDITAL,,,,,,,,,,,,,,,
TCCE 1/2018,SUBPROJETO 17.6,MICHELINE CARVALHO SILVA,"DIVERSIDADE DE ORGANISMOS DO SOLO, EM CAVERNAS EM FORMAÇÃO FERRÍFERA NO QUADRILATERO FERRÍFERO, MINAS GERAIS, BRASIL, COM USO DE DNA METABARCODING",01/2025,RELATÓRIO TÉCNICO FINAL,MEIO BIÓTICO,PRODUZIDO,ARQUIVO PDF,SUBPROJETO_17.6_(MICHELINE_SILVA)_DIVERSIDADE_DE_ORGANISMOS,METABARCODIN; GENÉTICA; FERRUGINOSAS; EDITAL,,,,,,,,,,,,,,,
TCCE 1/2018,SUBPROJETO 17.7,CRISTINA MARIA DE SOUZA MOTTA,MICOBIOTA DE CAVERNAS DA FLONA CARAJÁS/PA: INVENTÁRIO E SUBSÍDIOS PARA O MANEJO ESPELEOTURÍSTICO,04/2024,RELATÓRIO TÉCNICO FINAL,MEIO BIÓTICO,PRODUZIDO,ARQUIVO PDF,SUBPROJETO_17.7_(CRISTINA_MOTTA)_MICOBIOTA_DE_CAVERNAS,INVENTÁRIO; ESPELEOTURISMO; MICOLOGIA; FERRUGINOSAS; EDITAL,,,,,,,,,,,,,,,
TCCE 1/2018,SUBPROJETO 17.8,OLINTO LIPARINI PEREIRA,"TAXONOMIA E FILOGENIA MOLECULAR DE FUNGOS EM CAVERNAS FERRÍFERAS ENTRE AS REGIÕES DE CONCEIÇÃO DO MATO DENTRO E SERRO, MINAS GERAIS",04/2024,RELATÓRIO TÉCNICO FINAL,MEIO BIÓTICO,PRODUZIDO,ARQUIVO PDF,SUBPROJETO_17.8_(OLINTO_LIPARINI)_TAXONOMIA_E_FILOGENIA,TAXONÔMIA; GENÉTICA; MICOLOGIA; FERRUGINOSAS; EDITAL,,,,,,,,,,,,,,,
TCCE 2/2020,SUBPROJETO 1,"RICARDO GALENO FRAGA DE ARAÚJO PEREIRA, TARSILA CARVALHO DE JESUS","CARACTERIZAÇÃO E REGIONALIZAÇÃO DOS TERRENOS CÁRSTICOS, EM ROCHAS CARBONÁTICAS, NO ESTADO DA BAHIA",04/2023,RELATÓRIO TÉCNICO FINAL,MEIO FÍSICO,PRODUZIDO,ARQUIVO PDF,SUBPROJETO_1_(RICARDO_FRAGA)_CARACTERIZAÇÃO,CARACTERIZAÇÃO; CARSTE; CARBONÁTICA; ,,,,,,,,,,,,,,,
TCCE 2/2020,SUBPROJETO 3,MARIA ELINA BICHUETTE,TESTE DE METODOLOGIAS PROPOSTAS EM LEGISLAÇÃO AMBIENTAL RELACONADAS À FAUNA SUBTERRÂNEA E PROPOSIÇÃO DE NOVAS ÁREAS PRIORITÁRIAS PARA CONSERVAÇÃO DE CAVERNAS,04/2025,RELATÓRIO TÉCNICO FINAL,OUTROS,PRODUZIDO,ARQUIVO PDF,SUBPROJETO_3_(MARIA_ELINA)_TESTE_DE_METODOLOGIA,CONSERVAÇÃO; PRIORITÁRIA; PATRIMÔNIO; LEGISLAÇÃO,,,,,,,,,,,,,,,
TCCE 2/2020,SUBPROJETO 5,"LUCIANA DE RESENDE ALT, VITOR MARCOS AGUIAR DE MOURA",INTRODUÇÃO ÀS PRÁTICAS DE CONSERVAÇÃO E RECUPERAÇÃO AMBIENTAL EM CAVERNAS TURÍSTICAS,12/2023,RELATÓRIO TÉCNICO FINAL,OUTROS,PRODUZIDO,ARQUIVO PDF,SUBPROJETO_5_(LUCIANA_ALT)_RECUPERAÇÃO_AMBIENTAL,CONSERVAÇÃO; RECUPERAÇÃO; ESPELEOTURISMO; IMPACTO,,,,,,,,,,,,,,,
TCCE 2/2020,SUBPROJETO 8,JOÃO MARCELO TEIXEIRA,MODELAGEM 3D DE CAVIDADES NATURAIS SUBTERRÂNEAS,07/2023,RELATÓRIO TÉCNICO FINAL,OUTROS,PRODUZIDO,ARQUIVO PDF,SUBPROJETO_8_(JOÃO_MARCELO)_MODELAGEM_3D,SOFTWARE; MODELAGEM; RECONSTRUÇÃO; IPHONE,,,,,,,,,,,,,,,
TCCE 2/2020,SUBPROJETO 10,ENRICO BERNARD,AMPLIAÇÃO DA PESQUISA E CONSERVAÇÃO DE MORCEGOS BRASILEIROS: UMA PROPOSTA DA SBEQ,05/2024,RELATÓRIO TÉCNICO FINAL,MEIO BIÓTICO,PRODUZIDO,ARQUIVO PDF,SUBPROJETO_10_(ENRICO)_AMPLIAÇÃO_PESQUISA_MORCEGOS,CHIROPTERA; CONSERVAÇÃO; SBEQ; EDITAL,,,,,,,,,,,,,,,
TCCE 2/2020,SUBPROJETO 13,ALLAN SILAS CALUX,PRÓ-CAVERNAS,04/2025,RELATÓRIO TÉCNICO FINAL,OUTROS,PRODUZIDO,ARQUIVO PDF,SUBPROJETO_13_(ALLAN_CALUX)_PRÓ_CAVERNAS,SBE; CNC; ACERVO; EDTAL,,,,,,,,,,,,,,,
TCCE 2/2020,SUBPROJETO 13.1,MAURO DE OLIVEIRA NETO,PROSPECÇÃO E MAPEAMENTO DE CAVERNAS NA SERRA DO ITAQUERI - SÃO PAULO,10/2024,RELATÓRIO TÉCNICO FINAL,OUTROS,PRODUZIDO,ARQUIVO PDF,AJUSTAR DOCUMENTO,PROSPECÇÃO; EXPLORAÇÃO; TOPOGRAFIA; MAPEAMENTO; EDITAL,,,,,,,,,,,,,,,
TCCE 2/2020,SUBPROJETO 13.2,PAULO HENRIQUE ROSADO ARENAS,VALE DO RIO GAMELEIRA - REDESCOBERTAS ESPELEOLÓGICAS NO P. A. GAMELEIRA E ENTORNO - FLORWS DE GOIÁS/GO,10/2024,RELATÓRIO TÉCNICO FINAL,OUTROS,PRODUZIDO,ARQUIVO PDF,SUBPROJETO_13.2_(PAULO_ARENAS)_AMPLIANDO_ROTAS_1,PROSPECÇÃO; EXPLORAÇÃO; TOPOGRAFIA; MAPEAMENTO; EDITAL,,,,,,,,,,,,,,,
TCCE 2/2020,SUBPROJETO 13.3,NEI ALVES GONDIM JÚNIOR,"TOPOGRAFIA DAS GRUTAS BARRIGUDAS, URUBUS, SALITRE E XIRANHA NO MORRO DAS ARARAS, MUNICÍPIO DE ITUAÇI, BAHIA - BRASIL",10/2024,RELATÓRIO TÉCNICO FINAL,OUTROS,PRODUZIDO,ARQUIVO PDF,SUBPROJETO_13.3_(NEI_ALVES)_AMPLIANDO_ROTAS_1,PROSPECÇÃO; EXPLORAÇÃO; TOPOGRAFIA; MAPEAMENTO; EDITAL,,,,,,,,,,,,,,,
TCCE 2/2020,SUBPROJETO 13.4,EDENILSON ROBERTO DO NASCIMENTO,ATUALIZAÇÃO E ADEQUAÇÃO DO CADASTRO DAS INFORMAÇÕES ESPELEOLÓGICAS DO MUNICÍPIO DE RIO BRANCO DO SUL - PR,10/2024,RELATÓRIO TÉCNICO FINAL,OUTROS,PRODUZIDO,ARQUIVO PDF,SUBPROJETO_13.4_(EDENILSON)_AMPLIANDO_ROTAS_1,PROSPECÇÃO; EXPLORAÇÃO; TOPOGRAFIA; MAPEAMENTO; EDITAL,,,,,,,,,,,,,,,
TCCE 2/2020,SUBPROJETO 13.5,CARLOS FREDERICO DE SOUZA LOTT,PROSPECÇÃO E TOPOGRAFIA DE CAVERNAS NA PORÇÃO NORTE DA SERRA DO BALDIM,10/2024,RELATÓRIO TÉCNICO FINAL,OUTROS,PRODUZIDO,ARQUIVO PDF,SUBPROJETO_13.5_(FRED_LOTT)_AMPLIANDO_ROTAS_1,PROSPECÇÃO; EXPLORAÇÃO; TOPOGRAFIA; MAPEAMENTO; EDITAL,,,,,,,,,,,,,,,
TCCE 2/2020,SUBPROJETO 13.6,LUCIANO EMERICH FARIA,"O GRANDE ROTEIRO DE PETER LUND - PARTE II: AS CAVERNAS NÃO VISITADAS POR LUND, PORÉM REVELADAS PELO PROJETO",10/2024,RELATÓRIO TÉCNICO FINAL,OUTROS,PRODUZIDO,ARQUIVO PDF,SUBPROJETO_13.6_(FÁBIO_KHALED)_AMPLIANDO_ROTAS_1,PROSPECÇÃO; EXPLORAÇÃO; TOPOGRAFIA; MAPEAMENTO; EDITAL,,,,,,,,,,,,,,,
TCCE 2/2020,SUBPROJETO 13.7,FÁBIO AZEVEDO KHALED ABDEL RAHMAN,"CAVERNAS DA SERRA NEGRA - PROSPECÇÃO, EXPLORAÇÃO, TOPOGRAFIA, MAPEAMENTO E LEVANTAMENTO FAUNÍSTICO E AVALIAÇÃO ARQUEOLÓGICA DAS CAVIDADES NATURAIS DO PARQUE ESTADUAL DE SERRA NEGRA DA MANTIQUEIRA, MG, E ÁREAS DO ENTORNO",10/2024,RELATÓRIO TÉCNICO FINAL,OUTROS,PRODUZIDO,ARQUIVO PDF,SUBPROJETO_13.7_(LUCIANO_FARIAS)_AMPLIANDO_ROTAS_1,PROSPECÇÃO; EXPLORAÇÃO; TOPOGRAFIA; MAPEAMENTO; EDITAL,,,,,,,,,,,,,,,
TCCE 1/2022,SUBPROJETO 1,GISELE CRISTINA SESSEGOLO,37º CONGRESSO BRASILEIRO DE ESPELEOLOGIA,10/2023,RELATÓRIO TÉCNICO FINAL,OUTROS,PRODUZIDO,ARQUIVO PDF,SUBPROJETO_1_(GISELE_SESSEGOLO)_37_CBE,CONGRESSO; ESPELEOLOGIA; BRASIL,,,,,,,,,,,,,,,
TCCE 1/2022,SUBPROJETO 5,LEONARDO TORTORIELLO MESSIAS,RECIFE DE CORAL - AS CAVERNAS SUBMARINAS DO NORDESTE DO BRASIL,10/2025,RELATÓRIO TÉCNICO FINAL,OUTROS,PRODUZIDO,ARQUIVO PDF,SUBPROJETO_5_(LEONARDO_MESSIAS)_RECIFES_DE_CORAL,CORAL; SUBMARINAS; SUBAQUÁTICAS; REEF,,,,,,,,,,,,,,,
TCCE 1/2022,SUBPROJETO 6,IVAN BRAGA CAMPOS,PAISAGEM SONORA DE CAVERNAS E DOS ECOSSISTEMAS EM SEU ENTORNO DO PARQUE NACIONAL DA SERRA DO CIPÓ,10/2025,RELATÓRIO TÉCNICO FINAL,OUTROS,PRODUZIDO,ARQUIVO PDF,SUBPROJETO_6_(IVAN_BRAGA)_RECIFES_DE_CORAL,PAISAGEM; BIOACÚSTICA; GRAVAÇÃO; ,,,,,,,,,,,,,,,
TCCE 1/2022,SUBPROJETO 8,"RICARDO GALENO FRAGA DE ARAÚJO PEREIRA, RAPHAEL PARRA",GEOESPELEOLOGIA DO CARSTE SILICICLÁSTICO DA FORMAÇÃO TOMBADOR: SUBSÍDIOS À CONSERVAÇÃO DO PATRIMÔNIO ESPELEOLÓGICO NA CHAPADA DIAMANTINA,12/2025,RELATÓRIO TÉCNICO FINAL,MEIO FÍSICO,PRODUZIDO,ARQUIVO PDF,SUBPROJETO_8_(RICARDO_FRAGA)_GEOESPELEOLOGIA-CARSTE-SILICICLASTICO,GEOESPELEOLOGIA; SILICICLÁSTICO; FORMAÇÃO TOMBADOR,,,,,,,,,,,,,,,
TCCE 1/2022,SUBPROJETO 9,LEDA ZOGBI,LUZES NA ESCURIDÃO - VOLUME 3,06/2024,RELATÓRIO TÉCNICO FINAL,OUTROS,PRODUZIDO,ARQUIVO PDF,SUBPROJETO_9_(LEDA_ZOGBI)_LUZES,ESPELEOFOTOGRAFIA; FOTOGRAFIA; LUZES; ESCURIDÃO,,,,,,,,,,,,,,,
TCCE 1/2022,SUBPROJETO 10,"PAULO HENRIQUE FERREIRA GALVÃO, LUCAS PADOAN DE SÁ GODINHO","APLICAÇÃO DE TRAÇADORES CORANTES PARA CARACTERIZAÇÃO DA DINÂMICA ATUAL DE FLUXO D'ÁGUA SUBTERRÂNEA NO CARSTE DE SÃO DESIDÉRIO, BAHIA, BRASIL",08/2025,RELATÓRIO TÉCNICO FINAL,OUTROS,PRODUZIDO,ARQUIVO PDF,SUBPROJETO_10_(PAULO_GALVÃO)_TRAÇADORES,TRAÇADORES; HIDROLOGIA; CARSTE; FLUXO,,,,,,,,,,,,,,,
TCCE 1/2022,SUBPROJETO 20,ZACARIAS TARGINO DE FREITAS NETO,SERVIÇO DE REFORMA ESTRUTURA FÍSICA DO MUSEU ARQUEOLÓGICO DO LAJEDO DE SOLEDADE,05/2024,RELATÓRIO TÉCNICO FINAL,OUTROS,PRODUZIDO,ARQUIVO PDF,SUBPROJETO_20_(ZACARIAS)_REFORMA_LAJEDO,REFORMA; MUSEU; LAJEDO; HISTÓRIA,,,,,,,,,,,,,,,
TCCE 1/2022,SUBPROJETO 25.10,THADEU SOBRAL SOUZA,UM OLHAR PARA O PASSADO: OSCILAÇÕES PALEOCLIMÁTICAS EXPLICAM OS POTENCIAIS BERÇÁRIOS DE TROGLOFAUNA DO BRASIL,01/2026,RELATÓRIO TÉCNICO FINAL,MEIO BIÓTICO,PRODUZIDO,ARQUIVO PDF,SUBPROJETO_25.10_(THADEU_SOBRAL)_UM-OLHAR-PARA-O-PASSADO,PALEOCLIMA; TROGLOFAUNA; BRASIL,,,,,,,,,,,,,,,
TCCE 1/2022,SUBPROJETO 18.10,ANTÔNIO CALAZANS REIS MIRANDA,PATRIMÔNIO ESPELEOLÓGICO DA APA CARSTE DE LAGOA SANTA: CONHECER PARA CONSERVAR E PROTEGER PELA EDUCOMUNICAÇÃO,09/2024,RELATÓRIO TÉCNICO FINAL,OUTROS,PRODUZIDO,ARQUIVO PDF,SUBPROJETO_18.10_(ANTÔNIO_CALAZANS)_EDUCOMUNICAÇÃO,EDUCOMUNICAÇÃO; ESPELEOTURISMO; GRÁFICO,,,,,,,,,,,,,,,
TCCE 1/2022,SUBPROJETO 22 (AÇÃO 4.20.1),REGIANNE KELLY MOREIRA DA SILVA,MULTIVERSO ESPELEOLÓGICO,06/2024,RELATÓRIO TÉCNICO FINAL,OUTROS,PRODUZIDO,ARQUIVO PDF,SUBPROJETO_22_AÇÃO_4.20.1_(REGIANNE)_MULTIVERSO_ESPELEOLOGICO,ENDURO; ESPELEOLOGIA; BRASIL,,,,,,,,,,,,,,,
TCCE 1/2022,SUBPROJETO 22 (AÇÃO 4.20.2),DAYANNE FERREIRA DOS SANTOS SIRQUEIRA,CONSULTA LIVRE PRÉVIA E INFORMADA,03/2025,RELATÓRIO TÉCNICO FINAL,OUTROS,PRODUZIDO,ARQUIVO PDF,SUBPROJETO_22_AÇÃO_4.20.2_(DAYANNE)_PERUAÇU,CLPI; REUNIÃO; TRADICIONAIS; INDÍGENA; PERUAÇU,,,,,,,,,,,,,,,
TCCE 1/2022,SUBPROJETO 22 (AÇÃO 4.20.3),DAYANNE FERREIRA DOS SANTOS SIRQUEIRA,III SEMINÁRIO CIENTÍFICO DO VALE DO PERUAÇU - SCIVAPE,03/2025,RELATÓRIO TÉCNICO FINAL,OUTROS,PRODUZIDO,ARQUIVO PDF,SUBPROJETO_22_AÇÃO_4.20.3_(DAYANNE)_PERUAÇU,SEMINÁRIO; TÉCNICO; PESQUISA; COMUNIDADE; PERUAÇU,,,,,,,,,,,,,,,
TCCE 1/2022,SUBPROJETO 22 (AÇÃO 4.20.5),PATRÍCIA VIEIRA TIGO,"VIII ENCONTRO PERNAMBUCANO DE MICOLOGIA - FUNGA NORDESTINA EM EXPANSÃO: CIÊNCIA, CULTURA E CONSERVAÇÃO",01/2026,RELATÓRIO TÉCNICO FINAL,OUTROS,PRODUZIDO,ARQUIVO PDF,SUBPROJETO_22_AÇÃO_4.20.5_(PATRICIA_TIGO)_VIII-ENCONTRO-PERNAMBUCANO,ENCONTRO; MICOLOGIA; FUNGOS; NORDESTE,,,,,,,,,,,,,,,
TCCE 1/2018,SUBPROJETO 2,"DIEGO DE MEDEIROS BENTO, SÉRGIO MAIA QUEIROZ LIMA, MARCONI SOUZA SILVA","UM OÁSIS NO SEMIÁRIDO NORDESTINO: O LAJEDO DO ROSÁRIO, EM FELIPE GUERRA/RN, COMO UM NOVO HOTSPOT DE BIODIVERSIDADE SUBTERRÂNEA",07/2019,PUBLICAÇÃO CIENTÍFICA (TRABALHOS ACADÊMICOS),MEIO BIÓTICO,PUBLICADO,ARQUIVO PDF,SUBPROJETO_2_(DIEGO MEDEIROS)_UM_OÁSIS_NO_SEMIÁRIDO_NORDESTINO,FILOGEOGRAFIA; TROGLÓBIOS; CAATINGA; CÓDIGO DE BARRAS DE DNA; KINNAPOTIGUARA TROGLOBIA,,,,,,,,,,,,,,,
TCCE 1/2018,SUBPROJETO 2,"DANIEL REIS MAIOLINO DE MENDONÇA, TIAGO CASTRO SILVA, FERNANDO PACHECO RODRIGUES, RODRIGO LOPES FERREIRA",NOVA ABORDAGEM NA CARACTERIZAÇÃO ECOLÓGICA DA FAUNA SUBTERRÂNEA ASSOCIADA AOS CANALÍCULOS EM FORMAÇÃO FERRÍFERA NO SUDESTE DO ESTADO DO PARÁ,07/2019,PUBLICAÇÃO CIENTÍFICA (TRABALHOS ACADÊMICOS),MEIO BIÓTICO,PUBLICADO,ARQUIVO PDF,SUBPROJETO_2_(DIEGO MEDEIROS)_NOVA_ABORDAGEM_CARACTERIZAÇÃO_ECOLOGICA,FAUNA SUBTERRÂNEA; MESOCAVIDADES; TROGLÓBIOS; PROVÍNCIA MINERALÓGICA DE CARAJÁS,,,,,,,,,,,,,,,
TCCE 1/2018,SUBPROJETO 2,"DIEGO DE MEDEIROS BENTO, PEDRO RODRIGUES BUSANA, MARCONI SOUZA SILVA, SÉRGIO MAIA QUEIROZ LIMA, RODRIGO LOPES FERREIRA",VIDA NAS CAVERNAS: PROPOSTA DE CARTILHA COMO FERRAMENTA DE EDUCAÇÃO AMBIENTAL E MATERIAL DIDÁTICO NO ENSINO DE CIÊNCIAS,04/2022,PUBLICAÇÃO CIENTÍFICA (TRABALHOS ACADÊMICOS),OUTROS,PUBLICADO,ARQUIVO PDF,SUBPROJETO_2_(DIEGO MEDEIROS)_VIDA_NAS_CAVERNAS,BIOLOGIA SUBTERRÂNEA; CONSERVAÇÃO; PATRIMÔNIO ESPELEOLÓGICO; TROGLÓBIOS,,,,,,,,,,,,,,,
TCCE 1/2018,SUBPROJETO 2,DANIEL REIS MAIOLINO DE MENDONÇA,"FAUNA DE COLÊMBOLOS DO MEIO SUBTERRÂNEO SUPERFICIAL (MSS) NA FORMAÇÃO FERRÍFERA DE CARAJÁS, AMAZÔNIA BRASILEIRA",07/2023,PUBLICAÇÃO CIENTÍFICA (TRABALHOS ACADÊMICOS),MEIO BIÓTICO,PUBLICADO,ARQUIVO PDF,SUBPROJETO_2_(DIEGO MEDEIROS)_FAUNA_COLEMBOLOS_MEIO_SUBTERRÂNEO,ECOLOGIA; MSS; FORMAÇÃO FERRÍFERA CARAJÁS; COLLEMBOLA,,,,,,,,,,,,,,,
TCCE 1/2018,SUBPROJETO 2,PAOLLA GABRYELLE CAVALCANTE DE SOUZA,"REVISÃO DE TROGOLAPHYSA MILLS, 1938 (COLLEMBOLA, ENTOMOBRYOMORPHA, PARONELLIDAE), COM A DESCRIÇÃO DE NOVAS ESPÉCIES DE CAVERNAS, DAMÍNIO CAATINGA, BRASIL",02/2021,PUBLICAÇÃO CIENTÍFICA (TRABALHOS ACADÊMICOS),MEIO BIÓTICO,PRODUZIDO,ARQUIVO PDF,SUBPROJETO_2_(DIEGO_MEDEIROS)_DISSERTAÇÃO_REVISÃO_DE_TROGOLAPHYSA,DIAFNOSES; FAUNA DE CAVERNAS; QUETOTAZIA; REGIÃO NEOTROPICAL; TAXONOMIA,,,,,,,,,,,,,,,
TCCE 1/2018,SUBPROJETO 2,MATHEUS ARTHUR LÚCIO DA ROCHA,"TAXONOMIA ITERATIVA DE CRUSTÁCEOS TROGLÓBIOS DE GÊNERO POTIBERABA FISER, ZAGMAJSTER & FERREIRA 2013 (CRUSTACEAE: AMPHIPODA) NA CAATINGA",07/2021,PUBLICAÇÃO CIENTÍFICA (TRABALHOS ACADÊMICOS),MEIO BIÓTICO,PRODUZIDO,ARQUIVO PDF,SUBPROJETO_2_(DIEGO_MEDEIROS)_TAXONOMIA_INTERATIVA_DE_CRUSTÁCEOS_TROGLÓBIOS,MESOGAMMARIDAE; CRUSTÁCEOS SUBTERRÂNEOS; MOROFOLOGIA; GENÉTICA; FORMAÇÃO JANDAÍRA,,,,,,,,,,,,,,,
TCCE 1/2018,SUBPROJETO 2,NATHALIA KALUANA RODRIGUES DA COSTA,"FILOGEOGRAFIA DO GRILO ENDECOUS POTIGUAR CASTRO SOUZA, ZEFA & FERREIRA, 2017 (ORTHOPTERA, PHALANGOPSIDAE): INVESTIGAÇÃO DE LINHAGENS CRÍPTICAS EM CAVERNAS NA FORMAÇÃO JANDAÍRA",08/2022,PUBLICAÇÃO CIENTÍFICA (TRABALHOS ACADÊMICOS),MEIO BIÓTICO,PRODUZIDO,ARQUIVO PDF,SUBPROJETO_2_(DIEGO_MEDEIROS)_DISSERTAÇÃO_FILOGEOGRAFIA_GRILO_ENDECOUS_POTIGUAR,BIOLOGIA SUBTERRÂNEA; VICARIÂNCIA; EVOLUÇÃO MOLECULA; ESPÉCIES CRÍPTICAS; ESTASE MORFOLÓGICA,,,,,,,,,,,,,,,
TCCE 1/2018,SUBPROJETO 2,ORIGILENE BEZERRA DANTAS,"FILOGEOGRAFIA DE ROWLANDIUS POTIGUAR SANTOS, FERREIRA & BUZZATO, 2013 (ARACHNIDA: SCHIZOMIDA: HUBBARDIIDAE) NAS CAVERNAS DA CAATINGA",02/2024,PUBLICAÇÃO CIENTÍFICA (TRABALHOS ACADÊMICOS),MEIO BIÓTICO,PRODUZIDO,ARQUIVO PDF,SUBPROJETO_2_(DIEGO_MEDEIROS)_DISSERTAÇÃO_FILOGEOGRAFIA_DE_ROWLANDIUS_POTIGUAR,BIOLOGIA SUBTERRÂNEA; ARTROPHODA; DELIMITAÇÃO DE LINHAGENS; FORMAÇÃO JANDAÍRA; TAXONOMIA INTEGRATIVA; CONSERVAÇÃO,,,,,,,,,,,,,,,
TCCE 1/2018,SUBPROJETO 2,PRISCILA EMANUELA DE SOUZA,LIVING IN THE SUBTERRANEAN TIME: EXPLORING BIOLOGICAL RHYTHMS IN CAVE INVERTEBRATES,03/2024,PUBLICAÇÃO CIENTÍFICA (TRABALHOS ACADÊMICOS),MEIO BIÓTICO,PRODUZIDO,ARQUIVO PDF,SUBPROJETO_2_(DIEGO_MEDEIROS)_LIVING_IN_THE_SUBTERRANEAN_TIME,CRONOBIOLOGIA; RITMO CIRCADIANO; APERIODICIDADE; CAVERNA; INVERTEBRADOS,,,,,,,,,,,,,,,
TCCE 1/2018,SUBPROJETO 2,LINDSEY HELLMANN,TAXONOMIA DE TRICLÁDIDOS AQUÁTICOS (PLATYHELMINTHES) EM AMBIENTES ESPELEOLÓGICOS DA REGIÃO NEOTROPICAL,03/2021,PUBLICAÇÃO CIENTÍFICA (TRABALHOS ACADÊMICOS),MEIO BIÓTICO,PRODUZIDO,ARQUIVO PDF,SUBPROJETO_2_(DIEGO_MEDEIROS)_TESE_TAXONOMIA_DE_TRICLADIDOS_AQUATICOS,ESPELEOFAUNA; PLANÁRIAS; TAXONOMIA; TRICLADIDA,,,,,,,,,,,,,,,
TCCE 1/2018,SUBPROJETO 2,DIEGO DE MEDEIROS BENTO,"FILOGEOGRAFIA DE ARTRÓPODES TROGLÓBIOS DO OESTE DA FORMAÇÃO JANDAÍRA, NORDESTE DO BRASIL: EVOLUÇÃO E CONECTIVIDADE BIOLÓGICA EM AMBIENTES SUBTERRÂNEOS COMO BASE PARA AÇÕES DE CONSERVAÇÃO",06/2021,PUBLICAÇÃO CIENTÍFICA (TRABALHOS ACADÊMICOS),MEIO BIÓTICO,PRODUZIDO,ARQUIVO PDF,SUBPROJETO_2_(DIEGO_MEDEIROS)_TESE_FILOGEOGRAFIA_DE_ARTRÓPODES_TROGLÓBIOS,CAVERNAS; CAATINGA; COX 1; DELIMITAÇÃO DE LINHAGENS; EDUCAÇÃO AMBIENTAL; ESPÉCIES AMEAÇADAS; ESTADO DE CONSERVAÇÃO,,,,,,,,,,,,,,,
TCCE 1/2018,SUBPROJETO 2,DANIEL REIS MAIOLINO DE MENDONÇA,O MEIO SUBTERRÂNEO SUPERFICIAL E A CONECTIVIDADE BIOLÓGICA NO SISTEMA FERRÍRERO DE CARAJÁS,11/2023,PUBLICAÇÃO CIENTÍFICA (TRABALHOS ACADÊMICOS),MEIO BIÓTICO,PRODUZIDO,ARQUIVO PDF,SUBPROJETO_2_(DIEGO_MEDEIROS)_TESE_O_MEIO_SUBTERRÂNEO_SUPERFICIAL,ESTRUTURA DA COMUNIDADE; MEIO SUBTERRÂNEO SUPERFICIAL; FILOGEOGRAFIA DE ESPÉCIES TROGLÓBIAS; CONSERVAÇÃO DA FAUNA SUBTERRÂNEA; GENÉTICA DA CONSERVAÇÃO,,,,,,,,,,,,,,,
TCCE 1/2018,SUBPROJETO 2,"LISANDRA  BENÍTEZ ÁLVAREZ, ANA MARIA LEAL ZANCHET, ALEJANDRO OCEGUERA FIGUEROA, RODRIGO LOPES FERREIRA, DIEGO DE MEDEIROS BENTO, JOÃO BRACCINI, RONALD SLUYS, MARTA RIUTORT",PHYLOGENY AND BIOGEOGRAPHY OF THE CAVERNICOLA (PLATYHELMINTHES: TRICLADIDA): RELICTS OF NA EPIGEAN GROUP SHELTERING IN CAVES?,12/2019,PUBLICAÇÃO CIENTÍFICA (ARTIGOS),MEIO BIÓTICO,PUBLICADO,ARQUIVO PDF,SUBPROJETO_2_(DIEGO MEDEIROS)_ARTIGO_PHYLOGENY_AND_BIOGEOGRAPHY,GODWANA; PANGEIA; FILOGENIA MOLECULAR; TAXONOMIA. PLATELMINTOS TROGLÓBIOS,,,,,,,,,,,,,,,
TCCE 1/2018,SUBPROJETO 2,"PRISCILA EMANUELA DE SOUZA, BRUNO DA SILVA BRANDÃO GONÇALVES, MARCONI SOUZA SILVA, RODRIGO LOPES FERREIRA",DIVERGENT PATTERNS OF LOCOMOTOR ACTIVITY IN CAVE ISOPODS (ONISCIDEA: STYLONISCIDAE) IN NEOTROPICS,08/2024,PUBLICAÇÃO CIENTÍFICA (ARTIGOS),MEIO BIÓTICO,PUBLICADO,ARQUIVO PDF,SUBPROJETO_2_(DIEGO MEDEIROS)_ARTIGO_DIVERGENT_PATTERNS_OF_LOCOMOTOR,RELÓGIO BIOLÓGICO; RITMO CIRCADIANO; INVERTEBRADOS; ATIVIDADE LOCOMOTORA,,,,,,,,,,,,,,,
TCCE 1/2018,SUBPROJETO 2,"DIEGO DE MEDEIROS BENTO, RODRIGO LOPES FERREIRA, SANTELMO VASCONCELOS, JAMILY LORENA RAMOS DE LIMA, GUILHERME OLIVEIRA, TIAGO CASTRO SILVA, SÉRGIO MAIA QUEIROZ LIMA",BEFORE IT'S TOO LATE: PRIORITY AREAS FOR CONSERVATION OF CRYPTIC AND THREATENES SPECIES OF TROGLOBITIC ARTHROPODS IN THE BRAZILIAN SEMIARID,04/2024,PUBLICAÇÃO CIENTÍFICA (ARTIGOS),MEIO BIÓTICO,PUBLICADO,ARQUIVO PDF,SUBPROJETO_2_(DIEGO MEDEIROS)_ARTIGO_BEFORE_ITS_TOO_LATE,CAVERNAS; CAATINGA; DELIMITAÇÃO DE LINHAGEM; ESPÉCIES AMEAÇADAS; FILOGEOGRAFIA COMPARATIVA; PRIORIDADE DE CONSERVAÇÃO,,,,,,,,,,,,,,,
TCCE 1/2018,SUBPROJETO 2,"DANIEL REIS MAIOLINO DE MENDONÇA, FERNANDO PACHECO RODRIGUES, GILSON ARGOLO, MARCONI SOUZA SILVA, RODRIGO LOPES FERREIRA",EFICIÊNCIA DE ISCAS NA COLETA DE ARTRÓPODES ENCONTRADOS NO MEIO SUBTERRÂNEO SUPERFICIAL EM FORMAÇÃO FERRÍFERA NA AMAZÔNIA BRASILEIRA,07/2023,PUBLICAÇÃO CIENTÍFICA (ARTIGOS),MEIO BIÓTICO,PUBLICADO,ARQUIVO PDF,SUBPROJETO_2_(DIEGO MEDEIROS)_ARTIGO_EFICIÊNCIA_DE_ISCAS_NA_COLETA_ARTROPODES,FAUNA SUBTERRÂNEA; HABITAT SUBTERRÂNEO SUPERFICIAL; METODOLOGIAS DE COLETA INDIRETA; PROVÍNCIA MINERALÓGICA DE CARAJÁS,,,,,,,,,,,,,,,
TCCE 1/2018,SUBPROJETO 2,"PRISCILA EMANUELA DE SOUZA, MARCONI SOUZA SILVA, RODRIGO LOPES FERREIRA",THE TICKING CLOCK IN THE DARK: REVIEW OF BIOLOGICAL RHYTHMS IN CAVE INVERTEBRATES,05/2024,PUBLICAÇÃO CIENTÍFICA (ARTIGOS),MEIO BIÓTICO,PUBLICADO,ARQUIVO PDF,SUBPROJETO_2_(DIEGO MEDEIROS)_ARTIGO_THE_TICKING_CLOCK_IN_THE_DARK,CAVERNAS; RELÓGIO BIOLÓGICO; RITMO; INVERTEBRADOS; ABRIGO CAVERNÍCOLA; ARRITIMIA,,,,,,,,,,,,,,,
TCCE 1/2018,SUBPROJETO 2,"DIEGO DE MEDEIROS BENTO, PEDRO RODRIGUES BUSANA, MARCONI SOUZA SILVA, SÉRGIO MAIA QUEIROZ LIMA, RODRIGO LOPES FERREIRA",VIDA NAS CAVERNAS,04/2022,MATERIAL EDUCATIVO (CARTILHA),OUTROS,PUBLICADO,ARQUIVO PDF,SUBPROJETO_2_(DIEGO MEDEIROS)_VIDA_NAS_CAVERNAS,BIOLOGIA SUBTERRÂNEA; CONSERVAÇÃO; PATRIMÔNIO ESPELEOLÓGICO; TROGLÓBIOS,,,,,,,,,,,,,,,
TCCE 1/2018,SUBPROJETO 2,"DIEGO DE MEDEIROS BENTO, RODRIGO LOPES FERREIRA, SANTELMO VASCONCELOS, JAMILY LORENA RAMOS DE LIMA, GUILHERME OLIVEIRA, TIAGO CASTRO SILVA, SÉRGIO MAIA QUEIROZ LIMA",DOUBLY HIDDEN BIODIVERSITY: CRYPTIC TROBLOBITIC SPECIES UNVEILED IN THE BRAZILIAN SEMIARID REGION,05/2024,PUBLICAÇÃO CIENTÍFICA (ARTIGOS),MEIO BIÓTICO,PUBLICADO,ARQUIVO PDF,SUBPROJETO_2_(DEIGO_MEDEIROS)_ARTIGO_DOUBLY_HIDDEN_BIODIVERSITY,ARTHOPODA; CAVERNAS; DELIMITAÇÃO DE LINHAGEM; COX 1; FILOGENIA COMPARATIVA; TROGLÓBIOS,,,,,,,,,,,,,,,
TCCE 1/2018,SUBPROJETO 3,"LUIS BEETHOVEN PILÓ, ALLAN SILAS CALUX, RAFAEL SCHERER, ENRICO BERNARD","BATS AS ECOSYSTEM ENGINEERS IN IRON ORE CAVES IN THE CARAJÁS NATIONAL FOREST, BRAZILIAN AMAZONIA",03/2023,PUBLICAÇÃO CIENTÍFICA (ARTIGOS),MEIO BIÓTICO,PUBLICADO,ARQUIVO PDF,SUBPROJETO_3_(LUIS_PILO)_ARTIGO_BATS_AS_ECOSYSTEM_ENGINEERS_IN_IRON_CAVES,CORROSÃO BIOGÊNICA; BIOGEOMORFOLOGIA; ESPELEOGÊNES; CHIROPTERA; MODIFICAÇÃO DE HABITAT; CARST; RADIOCARBONO,,,,,,,,,,,,,,,
TCCE 1/2018,SUBPROJETO 4.2,DAYANA FERREIRA TORRES,ASSEMBLEIAS DE MORCEGOS INFLUENCIAM COMUNIDADES DE INVERTEBRADOS SUBTERRÂNEOS E ATUAM SOBRE A DINÂMICA DE CAVERNAS FERRÍFERAS NO BRASIL?,10/2023,PUBLICAÇÃO CIENTÍFICA (TRABALHOS ACADÊMICOS),MEIO BIÓTICO,PRODUZIDO,ARQUIVO PDF,SUBPROJETO_4.2_(MARIA_ELINA)_DISSERTAÇÃO_ASSEMBLEIA_DE_MORCEGOS,BAT CAVES; CONSERVAÇÃO; HOT CAVES; SUBTERRÂNEO; DIVERSIDADE,,,,,,,,,,,,,,,
TCCE 1/2018,SUBPROJETO 4.2,"DAYANA FERREIRA TORRES, MARIA ELINA BICHUETTE",MORCEGOS DE CAVERNAS DA FLORESTA NACIONAL DE CARAJÁS E DO PARQUE NACIONAL DOS CAMPOS FERRUGINOSOS,12/2023,MATERIAL EDUCATIVO (PÔSTER/FOLDER),MEIO BIÓTICO,PRODUZIDO,ARQUIVO PDF,SUBPROJETO_4.2_(MARIA_ELINA)_FOLDER_MORCEGOS_CAVERNAS_FERRÍFERAS,MORCEGOS; CHIROPTERA;FERRÍFERAS; CARJÁS; EDITAL,,,,,,,,,,,,,,,
TCCE 1/2018,SUBPROJETO 4.2,"DAYANA FERREIRA TORRES, CRISTINA MARIA DE SOUZA MOTTA, MARIA ELINA BICHUETTE",IRON ISLAND: THE IMPORTANCE OF IRON CAVES IN THE EASTERN AMAZON FOR BAT CONSERVATION,03/2024,PUBLICAÇÃO CIENTÍFICA (ARTIGOS),MEIO BIÓTICO,PUBLICADO,ARQUIVO PDF,SUBPROJETO_4.2_(MARIA_ELINA)_ARTIGO_ACESSO_PELO_CÓDIGO_DOI,MORCEGOS; CHIROPTERA;FERRÍFERAS; CARJÁS; EDITAL,,,,,,,,,,,,,,,
TCCE 1/2018,SUBPROJETO 4.3,"JOÃO GABRIEL CAVALCANTE VIEIRA, PAMELA SILVEIRA COSTA, ADRIANA MARIA COIMBRA HORBE, DERMEVAL APARECIDO DO CARMO","INSIGHTS INTO PROVENANCE, TECTONIC CONTEXT, SIDIMENTARY AND DIAGENETIC PROCESSES FROM SÃO BENEDITO FORMATION ROCKS, AMAZON STATE, BRAZIL",10/2023,PUBLICAÇÃO CIENTÍFICA (ARTIGOS),MEIO FÍSICO,PRODUZIDO,ARQUIVO PDF,SUBPROJETO_4.3_(ADRIANA_HORBE)_ARTIGO_INSIGHTS_INTO_PROVENANCE,BACIA DO ALTO TAPAJÓS; ISÓTOPOS; GEOQUÍMICA DA ROCHA,,,,,,,,,,,,,,,
TCCE 1/2018,SUBPROJETO 4.4,"JÉSSICA BARATA DA SILVA, THAYSE CRISTINE MELO BENATHAR, RAMERSON LUCAS FERREIRA AZEVEDO, LEONARDO CARREIRA TREVELIN, CLEUSA YOSHIKO NAGAMACHI, GUILHERME OLIVEIRA, JULIO CESAR PIECZARKA",CAVE-DWELLING BATS OF CARAJÁS NATIONAL FOREST: NEW CYTOGENETIC DATA OF THREATENED SPECIES,04/2024,PUBLICAÇÃO CIENTÍFICA (ARTIGOS),MEIO BIÓTICO,PUBLICADO,ARQUIVO PDF,SUBPROJETO_4.4_(JULIO_CESAR)_ARTIGO-CAVE-DWELLING_BATS,BIODIVERSIDADE; CHIROPTERA; TAXONOMIA; CARIÓTIPO; AMBIENTE SUBTERRÂNEO,,,,,,,,,,,,,,,
TCCE 1/2018,SUBPROJETO 4.5,"JONAS EDUARDO GALLÃO, JÉSSICA SCAGLIONE GALLO, DAYANA FERREIRA TORRES, MARIA ELINA BICHUETTE",FAUNA SUBTERRÂNEA DA FLORESTA NACIONAL DE CARAJÁS: MONITORAMENTO PARA CONHECER E ESTABELECER ESTRATÉGIAS DE MANEJO E CONSERVAÇÃO,08/2022,PUBLICAÇÃO CIENTÍFICA (TRABALHOS ACADÊMICOS),MEIO BIÓTICO,PUBLICADO,ARQUIVO PDF,SUBPROJETO_4.5_(JONAS_GALLÃO)_ARACNÍDEOS_DAS_CAVERNAS_FERRUGINOSAS_PARÁ,DIVERSIDADE; INVENTÁRIO FAUNÍSTICO; INVERTEBRADO; TROGLÓBIOS,,,,,,,,,,,,,,,
TCCE 1/2018,SUBPROJETO 4.5,"JONAS EDUARDO GALLÃO, JÉSSICA SCAGLIONE GALLO, MARIA ELINA BICHUETTE",ARACNÍDEOS DAS CAVERNAS FERRUGINOSAS DO PARÁ,04/2024,MATERIAL EDUCATIVO (CARTILHA),MEIO BIÓTICO,PUBLICADO,ARQUIVO PDF,SUBPROJETO_4.5_(JONAS_GALLÃO)_ARACNÍDEOS_DAS_CAVERNAS_FERRUGINOSAS_PARÁ,ARTHROPODA; ARACNÍDEOS; FERRUGIONOSAS; TROGLÓBIOS,,,,,,,,,,,,,,,
TCCE 1/2018,SUBPROJETO 4.5,"CARLOS MARIO LÓPEZ OROZCO, IVANKLIN SOARES CAMPOS FILHO, JÉSSICA SCAGLIONE GALLO, JONAS EDUARDO GALLÃO, YESENIA M. CARPIO DIAZ, RICARDO BORJA ARRIETA, MARIA ELINA BICHUETTE","IRON-ISOPODS: NEW RECORDSAND NEW SPECIES OF TERRESTRIAL ISOPODS (ISOPODA, ONISCIDEA) FROM BRAZILIAN AMAZON IRON ORE CAVES",02/2024,PUBLICAÇÃO CIENTÍFICA (ARTIGOS),MEIO BIÓTICO,PUBLICADO,ARQUIVO PDF,SUBPROJETO_4.5_(JONAS_GALLÃO)_ARTIGO_IRON-ISOPOD_NEW_RECORDSAND_NEW_SPECIES,NEOTROPICAL; FERRÍFERAS; PARAUAPEBAS; CANAÃ DOS CARAJÁS; WOODLICE,,,,,,,,,,,,,,,
TCCE 1/2018,SUBPROJETO 4.5,"JONAS EDUARDO GALLÃO, DAYANA FERREIRA TORRES, ANGELE MARTINS, IGOR CIZAUKAS, MARIA ELINA BICHUETTE","A WAYWARD BLINDSNAKE: FIRST RECORD OF PREDATION ON A WORMSNAKE, LIOTYPHLOPS TERNETZII (BOULENGER, 1896), BY THE SPITTING SPIDER SCYTODES ELEONORAE IN A CAVE OF NORTHERNS BRAZIL",05/2025,PUBLICAÇÃO CIENTÍFICA (ARTIGOS),MEIO BIÓTICO,PUBLICADO,ARQUIVO PDF,SUBPROJETO_4.5_(JONAS_GALLÃO)_ARTIGO_A_WAYWARD_BLINDSNAKE,PREDAÇÃO; SERPERTES; ARACNÍDEOS; CARAJÁS,,,,,,,,,,,,,,,
TCCE 1/2018,SUBPROJETO 5.2,"CRISTIANO FERNANDES FERREIRA, YAWAR HUSSAIN, ROGÉRIO ELIAS SOARES UAGODA, TIAGO CASTRO SILVA, REJANE ENNES CICERELLI",UAV-BASED DOLINE MAPPING IN BRAZILIAN KARST: A CAVE HERITAGE PROTECTION RECONNAISSANCE,05/2023,PUBLICAÇÃO CIENTÍFICA (ARTIGOS),MEIO FÍSICO,PUBLICADO,ARQUIVO PDF,SUBPROJETO_5.2_(ROGÉRIO_UAGODA)_ARTIGO-1,FOTOGAMETRIA; DEM; DOLINAS; PONTOS DE VULNERABILIDADE,,,,,,,,,,,,,,,
TCCE 1/2018,SUBPROJETO 5.2,"MARIA RITA SOUZA FONSECA, ROGÉRIO ELIAS SOARES UAGODA, HENRIQUE MARINHO LEITE CHAVES","RUNOFF, SOIL LOSS, AND WATER BALANCE IN A RESTORES KARST AREA OF THE BRAZILIAN SAVANNA",12/2022,PUBLICAÇÃO CIENTÍFICA (ARTIGOS),MEIO FÍSICO,PUBLICADO,ARQUIVO PDF,SUBPROJETO_5.2_(ROGÉRIO_UAGODA)_ARTIGO-2,PERDAS DE SOLO E ÁGUA; ÁREAS CÁRSTICAS; PARCELAS DE ESCOAMENTO SUPERFICIAL; RESTAURAÇÃO ECOLÓGICA,,,,,,,,,,,,,,,
TCCE 1/2018,SUBPROJETO 5.2,"ADIVANE MORAIS NOGUEIRA, DANDARA MARIA VITALINA DA SILVA CALDEIRA, ROGÉRIO ELIAS SOARES UAGODA, LEONARDO CHAVES MENDES, FABIANO N. PUPIM",SEDIMENTARY RECORDS IN DRY KARSTIC VALLEYS: THE CASE OF MAMBAÍ CENTRAL BRAZIL,06/2023,PUBLICAÇÃO CIENTÍFICA (ARTIGOS),MEIO FÍSICO,PUBLICADO,ARQUIVO PDF,SUBPROJETO_5.2_(ROGÉRIO_UAGODA)_ARTIGO-3,FLUVIOCARSTE; VALES SECOS; DEPÓSITOS SEDIMENTARES; CERRADO,,,,,,,,,,,,,,,
TCCE 1/2018,SUBPROJETO 5.2,"MARIA RITA SOUZA FONSECA, HENRIQUE MARINHO LEITE CHAVES, ROGÉRIO ELIAS SOARES UAGODA",ON-AND OFF SITE EROSION IMPACTS OF RESTORATION MEASURES IN A TROPICAL KARST WATERSHED,03/2023,PUBLICAÇÃO CIENTÍFICA (ARTIGOS),MEIO FÍSICO,PUBLICADO,ARQUIVO PDF,SUBPROJETO_5.2_(ROGÉRIO_UAGODA)_ARTIGO-4,ÁREAS CÁRSTICAS RESTAURADAS; PRODUÇÃO E ENRIQUECIMENTO DE SEDIMENTOS; PERDA DE SOLO,,,,,,,,,,,,,,,
TCCE 1/2018,SUBPROJETO 5.2,"LEONARDO CHAVES MENDES, ADIVANE MORAIS NOGUEIRA, DANDARA MARIA VITALINA DA SILVA CALDEIRA, ROGÉRIO ELIAS SOARES UAGODA","UTILIZAÇÃO DO SISTEMA DE INFORMAÇÃO GEOGRÁFICA (SIG) PARA A IDENTIFICAÇÃO DE SUMIDOUROS NA BACIA DO RIO CORRENTE, REGIÃO NORDESTE DE GOIÁS",11/2022,PUBLICAÇÃO CIENTÍFICA (ARTIGOS),MEIO FÍSICO,PUBLICADO,ARQUIVO PDF,SUBPROJETO_5.2_(ROGÉRIO_UAGODA)_ARTIGO-5,SUMIDOUROS; INTERPRETAÇÃO DE IMAGENS; SIG; CARSTE,,,,,,,,,,,,,,,
TCCE 1/2018,SUBPROJETO 5.2,"ADIVANE MORAIS NOGUEIRA, ROGER FAGNER RIBEIRO MELLO, DANDARA MARIA VITALINA DA SILVA CALDEIRA",ESTUDOS DE VALES SECOS EM ÁREAS CÁRSTICAS: REVISÃO E POSSIBILIDADES,06/2022,PUBLICAÇÃO CIENTÍFICA (ARTIGOS),MEIO FÍSICO,PUBLICADO,ARQUIVO PDF,SUBPROJETO_5.2_(ROGÉRIO_UAGODA)_ARTIGO-6,REVISÃO; CARSTE; VALES; DEPÓSITOS FLUVIAIS; CERRADO,,,,,,,,,,,,,,,
TCCE 1/2018,SUBPROJETO 5.2,"OLAVO AMANCIO DE OLIVEIRA, DRIELLY SOUZA RODRIGUES, JOSÉ ELOI GUIMARÃES CAMPOS, ROGÉRIO ELIAS SOARES UAGODA","METODOLOGIA PARA CONFECÇÃO DE MAPAS POTENCIOMÉTRICOS EM AQUÍFEROS CÁRSTICOS E FÍSSURO-CÁRSTICOS: ESTUDO DE CASO NA ALTA BACIA DO RIO CORRENTE MAMBAÍ, GO",07/2022,PUBLICAÇÃO CIENTÍFICA (ARTIGOS),MEIO FÍSICO,PUBLICADO,ARQUIVO PDF,SUBPROJETO_5.2_(ROGÉRIO_UAGODA)_ARTIGO-7,FLUXO SUBTERRÂNEO; CARGA HIDRÁULICA; INTERPOLAÇÃO,,,,,,,,,,,,,,,
TCCE 1/2018,SUBPROJETO 5.2,"CRISTIANO FERNANDES FERREIRA, YAWAR HUSSAIN, ROGÉRIO ELIAS SOARES UAGODA",A SEMI AUTOMATIC APPROACH FOR DOLINE MAPPING IN BRAZILIAN COVERED KARST: THE WAY FORWARD TO VULNERABILITY ASSESSMENT,07/2022,PUBLICAÇÃO CIENTÍFICA (ARTIGOS),MEIO FÍSICO,PUBLICADO,ARQUIVO PDF,SUBPROJETO_5.2_(ROGÉRIO_UAGODA)_ARTIGO-8,CONECTIVIDADE CAVERNAS SOLO; ÁREA DE PRESERVAÇÃO; LEVANTAMENTO DE CAMPO; SENSORIAMENTO REMOTO,,,,,,,,,,,,,,,
TCCE 1/2018,SUBPROJETO 5.2,"DANDARA MARIA VITALINA DA SILVA CALDEIRA, ROGÉRIO ELIAS SOARES UAGODA, ADIVANE MORAIS NOGUEIRA, JEREMIE GARNIEW, ANDRÉ OLIVEIRA SAWAKUCHI, YAWAR HUSSAIN","LATE QUATERNARY EPISODES OF CLASTIC SEDIMENT DEPOSITION IN THE TARIMBA CAVE, CENTRAL BRAZIL",01/2021,PUBLICAÇÃO CIENTÍFICA (ARTIGOS),MEIO FÍSICO,PUBLICADO,ARQUIVO PDF,SUBPROJETO_5.2_(ROGÉRIO_UAGODA)_ARTIGO-9,CAVERNA; PALEOAMBIENTE; SEDIMENTAÇÃO; FACES SEDIMETARES,,,,,,,,,,,,,,,
TCCE 1/2018,SUBPROJETO 5.2,"YAWAR HUSSAIN, ROGÉRIO ELIAS SOARES UAGODA",GIS-BASED RELIEF COMPARTIMENT MAPPING OF FLUVIO-KARST LANDSCAPE IN CENTRAL BRAZILIAN HIGHLANDS,01/2021,PUBLICAÇÃO CIENTÍFICA (ARTIGOS),MEIO FÍSICO,PUBLICADO,ARQUIVO PDF,SUBPROJETO_5.2_(ROGÉRIO_UAGODA)_ARTIGO-10,PATRIMÔNIO CAVERNÍCOLA; DOMINÍNIOS GEOMORFOLÓGICO; CAVERNA VADOSA,,,,,,,,,,,,,,,
TCCE 1/2018,SUBPROJETO 5.2,"ANDRÉ SILVA TAVARES, ROGÉRIO ELIAS SOARES UAGODA, VELIBOR SPALEVIC, RONALDO LUIZ MINCATO",ANALYSIS OF THE EROSION POTENTIAL AND SEDIMENT YIELD USING THE INTERO MODEL IN AN EXPERIMENTAL WATERSHED DOMINATED BY KARST IN BRAZIL,05/2021,PUBLICAÇÃO CIENTÍFICA (ARTIGOS),MEIO FÍSICO,PUBLICADO,ARQUIVO PDF,SUBPROJETO_5.2_(ROGÉRIO_UAGODA)_ARTIGO-11,HIDROLOGIA CÁRSTICA; MÉTODO DE EROSÃO POTENCIAL; CONSERVAÇÃO DO SOLO; SEDIMENTOLOGIA,,,,,,,,,,,,,,,
TCCE 1/2018,SUBPROJETO 5.2,"MARIA RITA SOUZA FONSECA, ROGÉRIO ELIAS SOARES UAGODA, HENRIQUE MARINHO LEITE CHAVES","RATES, FACTORS, AND TOLERANCES OF WATER EROSION IN THE CERRADO BIOME (BRAZIL): A META-ANALYSIS OF RUNOFF PLOT DATA",10/2021,PUBLICAÇÃO CIENTÍFICA (ARTIGOS),MEIO FÍSICO,PUBLICADO,ARQUIVO PDF,SUBPROJETO_5.2_(ROGÉRIO_UAGODA)_ARTIGO-12,CERRADO; META ANÁLISE; ESCOAMENTO; EROSÃO; TOLERÂNCIA,,,,,,,,,,,,,,,
TCCE 1/2018,SUBPROJETO 5.2,"CRISTIANO FERNANDES FERREIRA, ROGÉRIO ELIAS SOARES UAGODA","UM PANORAMA SOBRE MAPEAMENTOS DE DOLINAS NO BRASIL, FEIÇÕES ELEMENTARES DO CARSTE",03/2020,PUBLICAÇÃO CIENTÍFICA (ARTIGOS),MEIO FÍSICO,PUBLICADO,ARQUIVO PDF,SUBPROJETO_5.2_(ROGÉRIO_UAGODA)_ARTIGO-13,CARSTE; DOLINA; DENSIDADE,,,,,,,,,,,,,,,
TCCE 1/2018,SUBPROJETO 5.2,"JOSÉ GUSTAVO DA SILVA NUNES, ROGÉRIO ELIAS SOARES UAGODA","ANÁLISE DA EFICIÊNCIA DOS MÉTODOS INDIRETOS PARA O MAPEAMENTO DE SOLOS FRENTE ÀS TÉCNICAS DIRETAS, E SUAS POSSÍVEIS ASSOCIAÇÕES: UMA REVISÃO METODOLÓGICA",03/2020,PUBLICAÇÃO CIENTÍFICA (ARTIGOS),MEIO FÍSICO,PUBLICADO,ARQUIVO PDF,SUBPROJETO_5.2_(ROGÉRIO_UAGODA)_ARTIGO-14,MAPEAMENTO DO SOLO; GPR; ESPECTRORRADIOMETRIA; SENSORES ORBITAIS,,,,,,,,,,,,,,,
TCCE 1/2018,SUBPROJETO 5.2,"CRISTIANO FERNANDES FERREIRA, ROGÉRIO ELIAS SOARES UAGODA",MAPEAMENTO DE DOLINAS: DESAFIOS E POSSIBILIDADES DO USO DE MODELOS DIGITAIS DE ELEVAÇÃO,04/2020,PUBLICAÇÃO CIENTÍFICA (ARTIGOS),MEIO FÍSICO,PUBLICADO,ARQUIVO PDF,SUBPROJETO_5.2_(ROGÉRIO_UAGODA)_ARTIGO-15,DOLINAS; GEOMORFOLOGIA CÁRSTICA; DETECÇÃO DE FEIÇÕES,,,,,,,,,,,,,,,
TCCE 1/2018,SUBPROJETO 5.2,"YAWAR HUSSAIN, ROGÉRIO ELIAS SOARES UAGODA, WELITOM RODRIGUES BORGES, JOSÉ GUSTAVO DA SILVA NUNES, OMAR HAMZA, KHURRAM ASLAM, JIE DOU, MARTÍN CÁRDENAS SOTO, CRISTOBAL CONDON","THE POTENTIAL USE OF GEOPHYSICAL METHODS TO IDENTIFY CAVITIES, SINKHOLES AND PATHWAYS FOR WATER INFILTRATION",08/2020,PUBLICAÇÃO CIENTÍFICA (ARTIGOS),MEIO FÍSICO,PUBLICADO,ARQUIVO PDF,SUBPROJETO_5.2_(ROGÉRIO_UAGODA)_ARTIGO-16,CAVERNA TARIMBA; ERT; GPR; VLFEM,,,,,,,,,,,,,,,
TCCE 1/2018,SUBPROJETO 5.2,"YAWAR HUSSAIN, ROGÉRIO ELIAS SOARES UAGODA, WELITOM RODRIGUES BORGES, RENATO PRADO, OMAR HAMZA, MARTÍN CÁRDENAS SOTO, HANS BALDER HAVENITH","DETECTION OF COVER COLLAPSE DOLINE NA OTHER EPIKARST FEATURES BY MULTIPLE GEOPHYSICAL TECHNIQUES, CASE STUDY OF TARIMBA CAVE, BRAZIL",10/2020,PUBLICAÇÃO CIENTÍFICA (ARTIGOS),MEIO FÍSICO,PUBLICADO,ARQUIVO PDF,SUBPROJETO_5.2_(ROGÉRIO_UAGODA)_ARTIGO-17,ERT; SRS; ESTRATIGRAFICA; VLF-EM,,,,,,,,,,,,,,,
TCCE 1/2018,SUBPROJETO 5.2,"JOSÉ GUSTAVO DA SILVA NUNES, ROGÉRIO ELIAS SOARES UAGODA","SOLOS EM CARSTE TROPICAL, DESENVOLVIMENTO PEDOGENÉTICOS E COMPORTAMENTO HIDROLÓGICO: UMA REVISÃO TEÓRICA",12/2020,PUBLICAÇÃO CIENTÍFICA (ARTIGOS),MEIO FÍSICO,PUBLICADO,ARQUIVO PDF,SUBPROJETO_5.2_(ROGÉRIO_UAGODA)_ARTIGO-18,GRUPOS HIDROLÓGICOS DE SOLOS; SOLO TROPICAL; CARSTE,,,,,,,,,,,,,,,
TCCE 1/2018,SUBPROJETO 5.2,"CRISTIANO FERNANDES FERREIRA, ROGÉRIO ELIAS SOARES UAGODA",TIPOLOGIAS DO CARSTE E CLASSIFICAÇÕES DE DOLINAS: UMA REVISÃO,06/2019,PUBLICAÇÃO CIENTÍFICA (ARTIGOS),MEIO FÍSICO,PUBLICADO,ARQUIVO PDF,SUBPROJETO_5.2_(ROGÉRIO_UAGODA)_ARTIGO-19,CARSTE; DOLINA; DEPRESSÃO FECHADA,,,,,,,,,,,,,,,
TCCE 1/2018,SUBPROJETO 5.2,"DANDARA MARIA VITALINA DA SILVA CALDEIRA, ROGÉRIO ELIAS SOARES UAGODA, ADIVANE MORAIS NOGUEIRA",DINÂMICA DOS SEDIMENTO CLÁSTICOS CAVERNÍCOLAS: POTENCIALIDADE PARA ESTUDO PALEOAMBIENTAIS NO BRASIL,06/2020,PUBLICAÇÃO CIENTÍFICA (ARTIGOS),MEIO FÍSICO,PUBLICADO,ARQUIVO PDF,SUBPROJETO_5.2_(ROGÉRIO_UAGODA)_ARTIGO-20,CAVERNAS; PALEOAMBIENTAIS; FÁCIES; GEOCRONOLOGIA,,,,,,,,,,,,,,,
TCCE 1/2018,SUBPROJETO 5.2,"YAWAR HUSSAIN, HELENA SEIVANE, QIANGSHAN GAO, SUSANNE MACIEL, OMAR HAMZA, ROGÉRIO ELIAS SOARES UAGODA, WELITOM RODRIGUES BORGES",SEISMIC SIGNATURES AND SITE CHARAZTERIZATION OF NA INTERMITTENT STREAM IN DRY AND FLOOD CONDITIONS: AN IMPLICATION FOR SOIL LOSSES AND LANDSLIDE TRIGGERING,05/2023,PUBLICAÇÃO CIENTÍFICA (ARTIGOS),MEIO FÍSICO,PUBLICADO,ARQUIVO PDF,SUBPROJETO_5.2_(ROGÉRIO_UAGODA)_ARTIGO-21,PONTOS FRACOS; ANÁLISE ESPECTRAL; RUÍDO AMBIENTE RMS; ATRIBUTOS GEORADAS,,,,,,,,,,,,,,,
TCCE 1/2018,SUBPROJETO 5.2,"YAWAR HUSSAIN, JOSÉ ELOI GUIMARÃES CAMPOS, WELITOM RODRIGUES BORGES, ROGÉRIO ELIAS SOARES UAGODA, OMAR HAMZA, HANS BALDER HAVENITH",HYDROGEOPHYSICAL CHARACTERIZATION OF FRACTURED AQUIFERS FOR GROUDWATER EXPLORATION IN THE FEDERAL DISTRICT OF BRASIL,02/2022,PUBLICAÇÃO CIENTÍFICA (ARTIGOS),MEIO FÍSICO,PUBLICADO,ARQUIVO PDF,SUBPROJETO_5.2_(ROGÉRIO_UAGODA)_ARTIGO-22,DIPOLO-DIPOLO; FRATURA; POÇO DE BOMBEAMENTO; DISTRITO FEDERAL,,,,,,,,,,,,,,,
TCCE 1/2018,SUBPROJETO 5.2,"ANA CAMILA DA SILVA, ISABELA RESENDE, RODRIGO CINTRA DA COSTA, ROGÉRIO ELIAS SOARES UAGODA, ANDRÉ DE SOUZA AVELAR",GEOPHYSICAL FOR GRANITIC JOINT PATERN AND SUBSURFACE HYDROLOGY RELATED TO SLOPE INSTABILITY,03/2022,PUBLICAÇÃO CIENTÍFICA (ARTIGOS),MEIO FÍSICO,PUBLICADO,ARQUIVO PDF,SUBPROJETO_5.2_(ROGÉRIO_UAGODA)_ARTIGO-23,ROCHA FRATURADA; DELIZAMENTO DE TERRA; GPR; ESTABILIDADE,,,,,,,,,,,,,,,
TCCE 1/2018,SUBPROJETO 5.2,"RENAN SMITH LOUZADA, ANDRÉ SILVA TAVARES, ROGÉRIO ELIAS SOARES UAGODA",MANITORAMENTO DA VAZÃO E CARGA SÓLIDA SUSPENSA EM EVENTOS PLUVIAIS NA BACIA DO RIBEIRÃO DO GAMA/DF,06/2022,PUBLICAÇÃO CIENTÍFICA (ARTIGOS),MEIO FÍSICO,PUBLICADO,ARQUIVO PDF,SUBPROJETO_5.2_(ROGÉRIO_UAGODA)_ARTIGO-24,TURBIDEZ; HISTERESE; DEPOSIÇÃO DE SEDIMENTO; LAGO PARANOÁ,,,,,,,,,,,,,,,
TCCE 1/2018,SUBPROJETO 5.2,"YAWAR HUSSAIN, WELITOM RODRIGUES BORGES, ROGÉRIO ELIAS SOARES UAGODA, CRISTIANE MOURA, SUSANNE MACIEL, OMAR HAMZA, HANS BALDER HAVENITH",ESTIMATION OF TOTAL GROUNDWATER RESERVES AND DELINEATION OF WEATHERED/FAULT ZONES FOR AQUIFER POTENTIAL: A CASE STUDY FROM THE FEDERAL DISTRICT OF BRAZIL,01/2021,PUBLICAÇÃO CIENTÍFICA (ARTIGOS),MEIO FÍSICO,PUBLICADO,ARQUIVO PDF,SUBPROJETO_5.2_(ROGÉRIO_UAGODA)_ARTIGO-25,ERT; FRATURA; ÁGUAS SUBTERRÂNEAS; FATOR AMBIENTAL; POÇOS TUBULARES,,,,,,,,,,,,,,,
TCCE 1/2018,SUBPROJETO 5.2,"YAWAR HUSSAIN, OMAR HAMZA, HUANG, ANDRÉ CARLOS SILVA, ROGÉRIO ELIAS SOARES UAGODA, ANDRÉ LUÍS BRASIL CAVALCANTE, CRISTOBAL CONDON",SEISMIC SIGNATURE OF MUDFLOW TREMOR RESULTED FROM BRUMADINHO (BRAZIL) TAILING DAM FAILURE,04/2020,PUBLICAÇÃO CIENTÍFICA (ARTIGOS),MEIO FÍSICO,PUBLICADO,ARQUIVO PDF,SUBPROJETO_5.2_(ROGÉRIO_UAGODA)_ARTIGO-26,ENVELOPE; ESPECTROGRAMA; SISTEMA DE ALERTA DE INUNDAÇÃO,,,,,,,,,,,,,,,
TCCE 1/2018,SUBPROJETO 5.2,"YAWAR HUSSAIN, MARTÍN CÁRDENAS SOTO, ROGÉRIO ELIAS SOARES UAGODA, SALVATORE MARTINO, NELSON PADRON SANCHEZ, CÉSAR AUGUSTO MOREIRA, HERNAN MARTINEZ CARVAJAL",SHEAR WAVE VELOCITY ESTIMATION BY A JOINT INVERSION OF HVSR AND f-k CURVES DIFFUSE FIELD ASSUMPTION: A CASE STUDY OF SOBRADINHO LANDSLIDE,02/2019,PUBLICAÇÃO CIENTÍFICA (ARTIGOS),MEIO FÍSICO,PUBLICADO,ARQUIVO PDF,SUBPROJETO_5.2_(ROGÉRIO_UAGODA)_ARTIGO-27,RUÍDO SÍSMICO; REOLOGIA; SUPERFÍCIE DE DESLIZAMENTO,,,,,,,,,,,,,,,
TCCE 1/2018,SUBPROJETO 5.2,"YAWAR HUSSAIN, ROGÉRIO ELIAS SOARES UAGODA, MARTÍN CÁRDENAS SOTO, ANDRÉ LUÍS BRASIL CAVALCANTE, LUCIANO SOARES DA CUNHA, SALVATORE MARTINO, CRISTOBAL CONDON",AMBIENT SEISMIC NOISE: A CONTINUOUS SOURCE FOR THE DYNAMIC MONITORING OF LANDSLIDES,12/2018,PUBLICAÇÃO CIENTÍFICA (ARTIGOS),MEIO FÍSICO,PUBLICADO,ARQUIVO PDF,SUBPROJETO_5.2_(ROGÉRIO_UAGODA)_ARTIGO-28,HVSR; MONITORAMENTO SAZONAL; PROPRIEDADES DO SOLO; DELIZAMENTO DE TERRA EM SOBRADINHO,,,,,,,,,,,,,,,
TCCE 1/2018,SUBPROJETO 5.2,"JOSÉ GUSTAVO DA SILVA NUNES, ROGÉRIO ELIAS SOARES UAGODA, DANDARA MARIA VITALINA DA SILVA CALDEIRA, LIGIER MODESTO BRAGA, YAWAR HUSSAIN, HERNAN MARTINEZ CARVAJAL","APLICAÇÃO DO GPR PARA ANÁLISE E DIFERENCIAÇÃO ENTRE MATERIAIS ALUVIONARES E COLUVIONARES, EMBASADAS EM OBSERVAÇÕES DIRETAS, NO VALE DO RIBEIRÃO CONTAGEM - DISTRITO FEDERAL (BRASIL)",11/2018,PUBLICAÇÃO CIENTÍFICA (ARTIGOS),MEIO FÍSICO,PUBLICADO,ARQUIVO PDF,SUBPROJETO_5.2_(ROGÉRIO_UAGODA)_ARTIGO-29,GPR; ALÚVIO; COLÚVIO,,,,,,,,,,,,,,,
TCCE 1/2018,SUBPROJETO 5.2,"ANDRÉ SILVA TAVARES, ROGÉRIO ELIAS SOARES UAGODA",ASSESSMENT OF SOIL LOSSES BY EROSION IN A KARST ENVIRONMENT IN THE CERRADO BIOME OF BRAZIL,08/2023,PUBLICAÇÃO CIENTÍFICA (TRABALHOS ACADÊMICOS),MEIO FÍSICO,PUBLICADO,ARQUIVO PDF,SUBPROJETO_5.2_(ROGÉRIO_UAGODA)_RESUMO-1,SOLO; EROSÃO; CARSTE; CERRADO,,,,,,,,,,,,,,,
TCCE 1/2018,SUBPROJETO 5.2,"LEONARDO CHAVES MENDES, ADIVANE MORAIS NOGUEIRA, DANDARA MARIA VITALINA DA SILVA CALDEIRA, ROGÉRIO ELIAS SOARES UAGODA","IDENTIFICATION OF CALCAREOUS TUFA IN NORTHEAST OF THE STATE OF GOIÁS, BRAZIL",08/2023,PUBLICAÇÃO CIENTÍFICA (TRABALHOS ACADÊMICOS),MEIO FÍSICO,PUBLICADO,ARQUIVO PDF,SUBPROJETO_5.2_(ROGÉRIO_UAGODA)_RESUMO-2,TUFAS CALCÁREAS; CERRADO; CENTRO-OESTE,,,,,,,,,,,,,,,
TCCE 1/2018,SUBPROJETO 5.2,"ROGÉRIO ELIAS SOARES UAGODA, YAWAR HUSSAIN, ANDRÉIA DE ALMEIDA, SUSANNE MACIEL, GUILHERME ZAKAREWICZ DE AGUIAR, QIANGSHAN GAO, WELITOM RODRIGUES BORGES, SERGIO KOIDE, FREDERIC NGUYEN, CARLOS TADEU CARVALHO DO NASCIMENTO",HILLSLOPE TO STREAM COUPLING REVEALED BY TIME-LAPSE GEORADAR: CASE STUDY OF CAPETINGA WATERSHED IN BRAZILIAN SAVANNA,01/2022,PUBLICAÇÃO CIENTÍFICA (TRABALHOS ACADÊMICOS),MEIO FÍSICO,PUBLICADO,ARQUIVO PDF,SUBPROJETO_5.2_(ROGÉRIO_UAGODA)_RESUMO-3,ANÁLISE DE ATRIBUTOS; NÃO INVASIVAS; TRANSPORTE DE HILBERT; REFLECTOMETRIA,,,,,,,,,,,,,,,
TCCE 1/2018,SUBPROJETO 5.2,"ROGÉRIO ELIAS SOARES UAGODA, YAWAR HUSSAIN, DANDARA MARIA VITALINA DA SILVA CALDEIRA, ADIVANE MORAIS NOGUEIRA, MARIA RITA SOUZA FONSECA, ANDRÉ SILVA TAVARES",HYDROSEDIMENTOLOGICAL STUDY OF A COVERED FLUVIOKARST IN THE BRAZILIAN CERRADO,04/2022,PUBLICAÇÃO CIENTÍFICA (TRABALHOS ACADÊMICOS),MEIO FÍSICO,PUBLICADO,ARQUIVO PDF,SUBPROJETO_5.2_(ROGÉRIO_UAGODA)_RESUMO-4,GIS; GEOCRONOLOGIA; C14; VALES CEGOS; FLUVIOCARSTE,,,,,,,,,,,,,,,
TCCE 1/2018,SUBPROJETO 5.2,"AMANDA CECÍLIA NEUHAUSS AGUIAR, YAWAR HUSSAIN, WELITOM RODRIGUES BORGES, ROGÉRIO ELIAS SOARES UAGODA",CONTINUITY AMONG THREE-CONSECUTIVA BRAZILIAN CAVES ESTABLISHED BY A GEOPHYSICAL APPROACH,04/2022,PUBLICAÇÃO CIENTÍFICA (TRABALHOS ACADÊMICOS),MEIO FÍSICO,PUBLICADO,ARQUIVO PDF,SUBPROJETO_5.2_(ROGÉRIO_UAGODA)_RESUMO-5,CERRADO; RESISTIVIDADE ELÉTRICA; OTIMIZAÇÃO DE ARRANJOS; GEOMODELAGEM,,,,,,,,,,,,,,,
TCCE 1/2018,SUBPROJETO 5.2,"ANDRÉ SILVA TAVARES, ROGÉRIO ELIAS SOARES UAGODA",AVALIAÇÃO DE PARÂMETROS DE QUALIDADE DE ÁGUA SUPERFICIAL E SUBTERRÂNEA EM AQUÍFERO CÁRSTICO NO CERRADO BRASILEIRO,05/2021,PUBLICAÇÃO CIENTÍFICA (TRABALHOS ACADÊMICOS),MEIO FÍSICO,PUBLICADO,ARQUIVO PDF,SUBPROJETO_5.2_(ROGÉRIO_UAGODA)_RESUMO-6,GEOMORFOLOGIA CÁRSTICA; QUALIDADE DA ÁGUA; BIOMA CERRADO,,,,,,,,,,,,,,,
TCCE 1/2018,SUBPROJETO 5.2,"ANDRÉIA DE ALMEIDA, CARLOS TADEU CARVALHO DO NASCIMENTO, ELIS R. FREIRE, DAIANE F. MACIEL, KAREM F.SOUSA, BRUNO E.TÁVORA, FABRÍCIA C. M. MOTA, MÁRIO B. B. SIQUEIRA, SELMA R. MAGGIOTTO, ROGÉRIO ELIAS SOARES UAGODA, TIAGO B.KISAKA, LUIZ F. SALEMI, LUCIANA DE MENDOONÇA GALVÃO, CÍCERO L. SILVA, SERGIO KOIDE","MONITORAMENTO HIDROLÓGICO NO CERRADO: PANORAMA DA AQUISIÇÃO DE DADOS EM CAMPO NA BACIA DO RIBEIRÃO DO GAMA, DISTRITO FEDERAL",11/2021,PUBLICAÇÃO CIENTÍFICA (TRABALHOS ACADÊMICOS),MEIO FÍSICO,PUBLICADO,ARQUIVO PDF,SUBPROJETO_5.2_(ROGÉRIO_UAGODA)_RESUMO-7,BACIA EXPERIMENTAL; HIDROLOGIA DE BACIA; FAZENDA ÁGUA LIMPA,,,,,,,,,,,,,,,
TCCE 1/2018,SUBPROJETO 5.2,"CRISTIANO FERNANDES FERREIRA, ROGÉRIO ELIAS SOARES UAGODA",O USO DE VEÍCULO AÉREO NÃO TRIPULADO - VANT PARA CONSTRUÇÃO DE MODELOS DIGITAIS DE TERRENO - MDT E IDENTIFICAÇÃO DE DOLINAS NA ÁREA DA GRUNA DA TARIMBA-GO,06/2019,PUBLICAÇÃO CIENTÍFICA (TRABALHOS ACADÊMICOS),MEIO FÍSICO,PUBLICADO,ARQUIVO PDF,SUBPROJETO_5.2_(ROGÉRIO_UAGODA)_RESUMO-8,DOLINA; MDT; VANT,,,,,,,,,,,,,,,
TCCE 1/2018,SUBPROJETO 5.2,"YAWAR HUSSAIN, ROGÉRIO ELIAS SOARES UAGODA","SITE CHARACTERIZATION OF HILLSLOPES IN RIBEIRÃO CONTAGEN FLUVIAL VALLEY (BRASÍLIA, BRAZIL) USINF GEOPHYSICAL METHODS",03/2019,PUBLICAÇÃO CIENTÍFICA (TRABALHOS ACADÊMICOS),MEIO FÍSICO,PUBLICADO,ARQUIVO PDF,SUBPROJETO_5.2_(ROGÉRIO_UAGODA)_RESUMO-9,CERRADO; GEOFÍSICA; ENCOSTA,,,,,,,,,,,,,,,
TCCE 1/2018,SUBPROJETO 5.2,"CRISTIANO FERNANDES FERREIRA, JOCY BRANDÃO CRUZ, ROGÉRIO ELIAS SOARES UAGODA","THE USE OF UAV DERIVED DEM FOR MAPPING DOLINES IN THE ENVIRONMENTAL PROTECTION AREA OF ""NASCENTES DO RIO VERMELHO"", GOIÁS, BRAZIL",07/2019,PUBLICAÇÃO CIENTÍFICA (TRABALHOS ACADÊMICOS),MEIO FÍSICO,PUBLICADO,ARQUIVO PDF,SUBPROJETO_5.2_(ROGÉRIO_UAGODA)_RESUMO-10,DOLINA; DEM; UAV,,,,,,,,,,,,,,,
TCCE 1/2018,SUBPROJETO 5.2,"DANDARA MARIA VITALINA DA SILVA CALDEIRA, ADIVANE MORAIS NOGUEIRA, ROGÉRIO ELIAS SOARES UAGODA",CLASTIC SEDIMENTARY DEPOSITS IDENTIFICATION INSIDE CAVES IN CENTRAL BRAZIL,07/2019,PUBLICAÇÃO CIENTÍFICA (TRABALHOS ACADÊMICOS),MEIO FÍSICO,PUBLICADO,ARQUIVO PDF,SUBPROJETO_5.2_(ROGÉRIO_UAGODA)_RESUMO-11,SEDIMENTO; CAVERNAS; CENTRO-OESTE,,,,,,,,,,,,,,,
TCCE 1/2018,SUBPROJETO 5.2,"JOSÉ GUSTAVO DA SILVA NUNES, ROGÉRIO ELIAS SOARES UAGODA","SOIL MAPPING IN APA NASCENTES DO RIO VERMELHO, THROUGH THE ASSOCIATION BETWENN DIRECT AND INDIRECT TECHNIQUES",07/2019,PUBLICAÇÃO CIENTÍFICA (TRABALHOS ACADÊMICOS),MEIO FÍSICO,PUBLICADO,ARQUIVO PDF,SUBPROJETO_5.2_(ROGÉRIO_UAGODA)_RESUMO-12,SOLO; TÉCNICAS DIRETAS E INDIRETAS DE MAPEAMENTO; GPR,,,,,,,,,,,,,,,
TCCE 1/2018,SUBPROJETO 5.2,"ADIVANE MORAIS NOGUEIRA, ROGÉRIO ELIAS SOARES UAGODA, DANDARA MARIA VITALINA DA SILVA CALDEIRA",INFERRING THE GEOMORPHOLOGICAL DYNAMICS FROM THE STUDY OF PALEOCHANNALS: A CASE STUDY OF CENTRAL BRAZILIAN CERRADO,07/2019,PUBLICAÇÃO CIENTÍFICA (TRABALHOS ACADÊMICOS),MEIO FÍSICO,PUBLICADO,ARQUIVO PDF,SUBPROJETO_5.2_(ROGÉRIO_UAGODA)_RESUMO-13,BRASIL; CARSTE; PELEOVALE; GEOCRONOLOGIA,,,,,,,,,,,,,,,
TCCE 1/2018,SUBPROJETO 5.2,"ROGÉRIO ELIAS SOARES UAGODA, YAWAR HUSSAIN, CRISTIANO FERNANDES FERREIRA, MARIA RITA SOUZA FONSECA, ADIVANE MORAIS NOGUEIRA, DANDARA MARIA VITALINA DA SILVA CALDEIRA, ANDRÉ SILVA TAVARES, JOSÉ GUSTAVO DA SILVA NUNES, BÁRBARA COSTA",GEOMORPHIC UNITS MAPPING OF FLUVIOKARST LANDSCAPES IN CENTRAL BRAZILIAN HIGHLANDS,07/2019,PUBLICAÇÃO CIENTÍFICA (TRABALHOS ACADÊMICOS),MEIO FÍSICO,PUBLICADO,ARQUIVO PDF,SUBPROJETO_5.2_(ROGÉRIO_UAGODA)_RESUMO-14,FLUVIOCARSTE; COMPARTIMENTOS,,,,,,,,,,,,,,,
TCCE 1/2018,SUBPROJETO 5.2,AMANDA CECÍLIA NEUHAUSS AGUIAR,"ANÁLISE DA EFICIÊNCIA DOS ARRANJOS DIPOLO-DIPOLO E POLO-DIPOLO NA DETECÇÃO DE CAVERNAS NA REGIÃO DE MAMBAÍ, GOIÁS",12/2019,PUBLICAÇÃO CIENTÍFICA (TRABALHOS ACADÊMICOS),MEIO FÍSICO,PRODUZIDO,ARQUIVO PDF,SUBPROJETO_5.2_(ROGÉRIO_UAGODA)_TCC_ANÁLISE_DA_EFICIÊNCIA_DOS_ARRANJOS_DIPOLO-DIPOLO,MAMBAÍ; APA NASCENTES DO RIO VERMELHO; ELETRORRESISTIVIDADE,,,,,,,,,,,,,,,
TCCE 1/2018,SUBPROJETO 5.2,LEONARDO CHAVES MENDES,"GEOQUÍMICA E MINERALOGIA DE TUFAS CALCÁRIAS DA ÁREA DE PROTEÇÃO AMBIENTAL DAS NASCENTES DO RIO VERMELHO (APANRV), NORDESTE DE GOIÁS",01/2022,PUBLICAÇÃO CIENTÍFICA (TRABALHOS ACADÊMICOS),MEIO FÍSICO,PRODUZIDO,ARQUIVO PDF,SUBPROJETO_5.2_(ROGÉRIO_UAGODA)_TCC_GEOQUÍMICA_E_MINERALOGIA_DE_TUFAS_CALCÁRIAS,CARBONATOS CONTINENTAIS; GEOQUÍMICA; MINERALOGIA; CERRADO,,,,,,,,,,,,,,,
TCCE 1/2018,SUBPROJETO 5.2,CRISTIANO FERNANDES FERREIRA,DETECÇÃO DE DOLINAS COM APOIO DE MODELOS DIGITAIS DE ELEVAÇÃO E IMAGENS DE ALTA RESOLUÇÃO: ESTUDO DE CASO NA APA NASCENTES DO RIO VERMELHO-GO,02/2020,PUBLICAÇÃO CIENTÍFICA (TRABALHOS ACADÊMICOS),MEIO FÍSICO,PRODUZIDO,ARQUIVO PDF,SUBPROJETO_5.2_(ROGÉRIO_UAGODA)_DISSERTAÇÃO_DETECÇÃO_DE_DOLINAS,CARSTE; DOLINA; MDE,,,,,,,,,,,,,,,
TCCE 1/2018,SUBPROJETO 5.2,DANDARA MARIA VITALINA DA SILVA CALDEIRA,"ESTUDO DE SEDIMENTOS CLÁSTICOS EM CAVERNA ENQUANTO REGISTROS PALEOAMBIENTAIS: GRUNA TARIMBA, MAMBAÍ/GOIÁS",01/2020,PUBLICAÇÃO CIENTÍFICA (TRABALHOS ACADÊMICOS),MEIO FÍSICO,PRODUZIDO,ARQUIVO PDF,SUBPROJETO_5.2_(ROGÉRIO_UAGODA)_DISSERTAÇÃO_ESTUDO_DE_SEDIMENTOS_CLÁSTICOS,CARSTE; CAVERNA; SEDIMENTAÇÃO,,,,,,,,,,,,,,,
TCCE 1/2018,SUBPROJETO 5.2,JOSÉ GUSTAVO DA SILVA NUNES,"MAPEAMENTO DE SOLOS ATRAVÉS DE TÉCNICA DIRETAS E INDIRETAS NA APA NASCENTES DO RIGO VEMELHO, MAMBAÍ-GO",03/2020,PUBLICAÇÃO CIENTÍFICA (TRABALHOS ACADÊMICOS),MEIO FÍSICO,PRODUZIDO,ARQUIVO PDF,SUBPROJETO_5.2_(ROGÉRIO_UAGODA)_DISSERTAÇÃO_MAPEAMENTO_DE_SOLOS_ATRAVÉS_DE_TÉCNICA,MAPEAMENTO PEDOLÓGICO; MÉTODOS DIRETOS E INDIRETOS; CARSTE,,,,,,,,,,,,,,,
TCCE 1/2018,SUBPROJETO 5.2,MANUELA FREIRA GALVÃO,"INTERAÇÃO ENTRE OS SISTEMAS AQUÍFEROS URUCUIA E BAMBUÍ NA REGIÃO DE MAMBAÍ, GO: INTEGRAÇÃO DE DADOS GEOLÓGICOS, POTENCIOMÉTRICOS, HIDROQUÍMICOS E ISOTÓPICOS",12/2022,PUBLICAÇÃO CIENTÍFICA (TRABALHOS ACADÊMICOS),MEIO FÍSICO,PRODUZIDO,ARQUIVO PDF,SUBPROJETO_5.2_(ROGÉRIO_UAGODA)_DISSERTAÇÃO_INTERAÇÃO_ENTRE_OS_SISTEMAS_AQUÍFEROS,BACIA HIDROGEOLÓGICA; FLUXO REGIONAL; GESTÃO DE RECURSOS HÍDRICOS,,,,,,,,,,,,,,,
TCCE 1/2018,SUBPROJETO 5.2,MATHEUS SANTIAGO VIEIRA,"ESTUDO DAS CONEXÕES HIDROLÓGICAS NO SISTEMA CÁRSTICO GRUTA DA TARIMBA, MAMBAÍ, GOIÁS",11/2023,PUBLICAÇÃO CIENTÍFICA (TRABALHOS ACADÊMICOS),MEIO FÍSICO,PRODUZIDO,ARQUIVO PDF,SUBPROJETO_5.2_(ROGÉRIO_UAGODA)_DISSERTAÇÃO_ESTUDO_DAS_CONEXÕES_HIDROLÓGICAS,TRAÇADORES CORANTES FLUORESCENTES; CONDUTOS SUBTERRÂNEOS; CONTAMINAÇÃO; CARSTE,,,,,,,,,,,,,,,
TCCE 1/2018,SUBPROJETO 5.2,ADIVANE MORAIS NOGUEIRA,"DINÂMICA PALEOAMBIENTAL EM VALES SECOS DA ÁREA DE PROTEÇÃO AMBIENTAL NASCENTES DO RIO VERMELHO - APANRV, MAMBAÍ-GO",10/2022,PUBLICAÇÃO CIENTÍFICA (TRABALHOS ACADÊMICOS),MEIO FÍSICO,PRODUZIDO,ARQUIVO PDF,SUBPROJETO_5.2_(ROGÉRIO_UAGODA)_TESE_DINÂMICA_PALEOAMBIENTAL_EM_VALES_SECOS,CARSTE; VALES SECOS; SEDIMENTAÇÃO; DEPÓSITOS FLUVIAIS,,,,,,,,,,,,,,,
TCCE 1/2018,SUBPROJETO 5.2,ANDRÉ SILVA TAVARES,"ESTUDO EM AMBIENTE CÁRSTICO NO CERRADO: EROSÃO HÍDRICA, MUDANÇAS DE USO E COBERTURA DA TERRA E PROCESSOS HIDROSSEDIMENTOLÓGICOS",12/2023,PUBLICAÇÃO CIENTÍFICA (TRABALHOS ACADÊMICOS),MEIO FÍSICO,PRODUZIDO,ARQUIVO PDF,SUBPROJETO_5.2_(ROGÉRIO_UAGODA)_TESE_ESTUDOS_EM_AMBIENTES_CÁRSTICO_NO_CERRADO,EROSÃO HÍDRICA ; CONSERVAÇÃO DO SOLO; FLUVIOCÁRSTE; SENSORIAMENTO REMOTO,,,,,,,,,,,,,,,
TCCE 1/2018,SUBPROJETO 5.2,MARIA RITA SOUZA FONSECA,IMPACTOS HIDROLÓGICOS DA RESTAURAÇÃO AMBIENTAL DE UMA ÁREA DE CARSTE NOS CERRADOS,07/2022,PUBLICAÇÃO CIENTÍFICA (TRABALHOS ACADÊMICOS),MEIO FÍSICO,PRODUZIDO,ARQUIVO PDF,SUBPROJETO_5.2_(ROGÉRIO_UAGODA)_TESE_IMPACTOS_HIDROLÓGICOS_DA_RESTAURAÇÃO_AMBIENTAL,PERDA DE SOLO; ESCOAMENTO SUPERFICIAL; ÁREA CÁRSTICA; CERRADO; RESTAURAÇÃ ECOLÓGICA; PRODUÇÃO DE SEDIMENTO; ENRIQUECIMENTO DE FINOS,,,,,,,,,,,,,,,
TCCE 1/2018,SUBPROJETO 5.2,OLAVO AMANCIO DE OLIVEIRA,ESTUDO E MAPEAMENTO DA VULNERABILIDADE DO SISTEMA CÁRSTICO DO ALTO CURSO DA BACIA DO RIO CORRENTE NO NORDESTE GOIANO,02/2023,PUBLICAÇÃO CIENTÍFICA (TRABALHOS ACADÊMICOS),MEIO FÍSICO,PRODUZIDO,ARQUIVO PDF,SUBPROJETO_5.2_(ROGÉRIO_UAGODA)_TESE_ESTUDO_E_MAPEAMENTO_DA_VULNERABILIDADE_DO_SISTEMA_CARSTICO,AQUÍFEROS CÁRSTICOS; FLUXO SUBTERRÂNEO; VULNERABILIDADE INTRÍNSECA; MÉTODO COP,,,,,,,,,,,,,,,
TCCE 1/2018,SUBPROJETO 5.2,ROGÉRIO ELIAS SOARES UAGODA,"ESTUDO DA TAXA DE EROSÃO E DESNUDAÇÃO NATURAL E ANTRÓPICA NO CERRADO BRASILIEIRO UTILIZANDO FERRAMENTAS CLÁSSICAS (MONITORAMENTO HIDROSSEDIMENTOLÓGICO), E GEOQUÍMICA ISOTÓPICA (ISÓTOPOS ESTÁVEIS E NUCLÍDEOS COSMOGÊNICOS)",12/2022,PUBLICAÇÃO CIENTÍFICA (TRABALHOS ACADÊMICOS),MEIO FÍSICO,PRODUZIDO,ARQUIVO PDF,SUBPROJETO_5.2_(ROGÉRIO_UAGODA)_TESE_ESTUDO_DA_TAXA_DE_EROSÃO_DESNUDAÇÃO_NATURAL,EROSÃO; DESNUDAÇÃO NATURAL; GEOQUÍMICA; ISÓTOPOS,,,,,,,,,,,,,,,
TCCE 1/2018,SUBPROJETO 5.2,YAWAR HUSSAIN,"KNOWLEDGE OF THE INTERNAL STRUCTURES OF KARST AREAS USING GEOPHYSICAL TECHNIQUES: A CASE STUDY OF MAMBAÍ (GOIÁS, BRAZIL)",07/2019,PUBLICAÇÃO CIENTÍFICA (TRABALHOS ACADÊMICOS),MEIO FÍSICO,PRODUZIDO,ARQUIVO PDF,SUBPROJETO_5.2_(ROGÉRIO_UAGODA)_TESE_KNOWLEDGE_OF_THE_INTERNAL_STRUCTURES_OF_KARST,CARSTE; GEOFÍSICA; MAMBAÍ,,,,,,,,,,,,,,,
TCCE 1/2018,SUBPROJETO 7,"JOCY BRANDÃO CRUZ, JÚLIO FERREIRA DA COSTA NETO",O CADASTRO NACIONAL DE INFORMAÇÕES ESPELEOLÓGICAS: UM INSTRUMENTO PARA GESTÃO E CONSERVAÇÃO DO PATRIMÔNIO ESPELEOLÓGICO BRASILEIRO ,07/2025,PUBLICAÇÃO CIENTÍFICA (TRABALHOS ACADÊMICOS),OUTROS,PUBLICADO,ARQUIVO PDF,SUBPROJETO_7_(JOCY_CRUZ)_RESUMO_19CIE_CANIE,CONGRESSO INTERNACIONAL; ESPELEOLOGIA; BRASIL; VOLUME 4,,,,,,,,,,,,,,,
TCCE 1/2018,SUBPROJETO 12,"MAURÍCIO CARLOS MARTINS DE ANDRADE, ÍTALO MOREIRA MARTINS, TIAGO CASTRO SILVA",OCORRÊNCIA DE VERTEBRADOS EM CAVERNAS DA SERRA DO ESPINHAÇO MERIDIONAL,04/2022,PUBLICAÇÃO CIENTÍFICA (TRABALHOS ACADÊMICOS),MEIO BIÓTICO,PUBLICADO,ARQUIVO PDF,SUBPROJETO_12_(MAURÍCIO_ANDRADE)_OCORRÊNCIA_VERTEBRADOS_ESPINHAÇO,BRASIL; CAVIDADE NATURAL SUBTERRÂNEA; PEIXE; ANURO; RÉPTIL; AVE; MAMÍFERO,,,,,,,,,,,,,,,
TCCE 1/2018,SUBPROJETO 12,"MAURÍCIO CARLOS MARTINS DE ANDRADE, ÍTALO MOREIRA MARTINS, TIAGO CASTRO SILVA, PAULA CABRAL ETEROVICK","REPRODUÇÃO DE PERERECAS ENDÊMICA (ANUA: HYLIDAE) EM CAVERNAS DA SERRA DO ESPINHAÇO MERIDIONAL, BRASIL",07/2023,PUBLICAÇÃO CIENTÍFICA (TRABALHOS ACADÊMICOS),MEIO BIÓTICO,PUBLICADO,ARQUIVO PDF,SUBPROJETO_12_(MAURÍCIO_ANDRADE)_REPRODUÇÃO_PERERECA_ENDÊMICA,CAVIDADE NATURAL SUBTERRÂNEA; ECOLOGIA; ANFÍBIO; CONSERVAÇÃO,,,,,,,,,,,,,,,
TCCE 1/2018,SUBPROJETO 12,"MAURÍCIO CARLOS MARTINS DE ANDRADE, ÍTALO MOREIRA MARTINS, TIAGO CASTRO SILVA, IVAN BRAGA CAMPOS",BIOACÚSTICA: O QUE ESCUTAMOS DENTRO E FORA DA CAVERNA?,07/2023,PUBLICAÇÃO CIENTÍFICA (TRABALHOS ACADÊMICOS),MEIO BIÓTICO,PUBLICADO,ARQUIVO PDF,SUBPROJETO_12_(MAURÍCIO_ANDRADE)_BIOACÚSTICA_CAVERNAS,CAVIDADE NATURAL SUBTERRÂNEA; MONITORAMENTO ACÚSTICO PASSIVO; ECOLOGIA,,,,,,,,,,,,,,,
TCCE 1/2018,SUBPROJETO 12,"ÍTALO MOREIRA MARTINS, TIAGO CASTRO SILVA, PAULA CABRAL ETEROVICK, MAURÍCIO CARLOS MARTINS DE ANDRADE","USO E PREFERÊNCIA DE AMBIENTES PELA HERPETOFAUNA EM CAVERNAS DA SERRA DO ESPINHAÇO MERIDIONAL, BRASIL",09/2023,PUBLICAÇÃO CIENTÍFICA (TRABALHOS ACADÊMICOS),MEIO BIÓTICO,PUBLICADO,ARQUIVO PDF,SUBPROJETO_12_(MAURÍCIO_ANDRADE)_USO_DE_PREFERÊNCIA_AMBIENTES_HERPETOFAUNA,BRASIL; CAVIDADE NATURAL SUBTERRÂNEA; HERPETOFAUNA; ESPINHAÇO,,,,,,,,,,,,,,,
TCCE 1/2018,SUBPROJETO 12,"ÍTALO MOREIRA MARTINS, TIAGO CASTRO SILVA, IVAN BRAGA CAMPOS, PAULA CABRAL ETEROVICK, MAURÍCIO CARLOS MARTINS DE ANDRADE",ATIVIDADE ACÚSTICA DE BOKERMANNOHYLA SAXICOLA (ANURA: HYLIDAE) EM CAVERNAS,09/2023,PUBLICAÇÃO CIENTÍFICA (TRABALHOS ACADÊMICOS),MEIO BIÓTICO,PUBLICADO,ARQUIVO PDF,SUBPROJETO_12_(MAURÍCIO_ANDRADE)_ATIVIDADE_ACÚSTICA_BOKERMANNOHYLA_CAVERNAS,CAVIDADE NATURAL SUBTERRÂNEA; MONITORAMENTO ACÚSTICO PASSIVO; ANURO,,,,,,,,,,,,,,,
TCCE 1/2018,SUBPROJETO 12,"MAURÍCIO CARLOS MARTINS DE ANDRADE, ÍTALO MOREIRA MARTINS, TIAGO CASTRO SILVA, PAULA CABRAL ETEROVICK",ADAPTABILITY AND SUBTERRANEAN PLASTICITY OF BOKERMANNOHYLA MARTINSI (ANURA: HYLIDAE).,07/2025,PUBLICAÇÃO CIENTÍFICA (TRABALHOS ACADÊMICOS),MEIO FÍSICO,PUBLICADO,ARQUIVO PDF,SUBPROJETO_12_(MAURÍCIO_ANDRADE)_RESUMO-VOL6_ADAPTABILITY,CONGRESSO INTERNACIONAL; ESPELEOLOGIA; BRASIL; VOLUME 6,,,,,,,,,,,,,,,
TCCE 1/2018,SUBPROJETO 12,"MAURÍCIO CARLOS MARTINS DE ANDRADE, ÍTALO MOREIRA MARTINS, IVAN BRAGA CAMPOS, TIAGO CASTRO SILVA",PADRÕES ACÚSTICOS SAZONAIS DA GRUTA DO PALMITO (MG) E SEU ENTRONO,07/2025,PUBLICAÇÃO CIENTÍFICA (TRABALHOS ACADÊMICOS),MEIO FÍSICO,PUBLICADO,ARQUIVO PDF,SUBPROJETO_12_(MAURÍCIO_ANDRADE)_RESUMO-VOL7_PADRÕES_ACÚSTICOS,CONGRESSO INTERNACIONAL; ESPELEOLOGIA; BRASIL; VOLUME 7,,,,,,,,,,,,,,,
TCCE 1/2018,SUBPROJETO 13,"GIOVANNA MONTICELLI CARDOSO, DIEGO DE MEDEIROS BENTO, RODRIGO LOPES FERREIRA","UNVEILING A HIDDEN DIVERSITY: DESCRIPTION OF NINE NEW SPECIES OF CTENORILLO VERHOEFF 1942 (ISOPODA, ARMADILLIDAE) DISCOVERED IN BRAZILIAN CAVES AND THEIR IMPORTANCE FOR CONSERVATION",05/2024,PUBLICAÇÃO CIENTÍFICA (ARTIGOS),MEIO BIÓTICO,PUBLICADO,ARQUIVO PDF,SUBPROJETO_13_(RODRIGO_LOPES)_ARTIGO-1,TATUZINHO-DE-JARDIM; ISÓPODE TERRESTRE; ESPÉCIES CAVERNÍCOLA; NEOTROPICAL; TROGLÓBIO,,,,,,,,,,,,,,,
TCCE 1/2018,SUBPROJETO 13,"GIOVANNA MONTICELLI CARDOSO, RAFAELA BASTOS PEREIRA","A NEW SPECIES OF CHAIMOWICZIA FROM THE KARSTIC SERRA DO RAMALHO PLATEAU, BRAZIL (ONISCIDEA, SYNOCHETA, STYLONISCIDAE)",03/2022,PUBLICAÇÃO CIENTÍFICA (ARTIGOS),MEIO BIÓTICO,PUBLICADO,ARQUIVO PDF,SUBPROJETO_13_(RODRIGO_LOPES)_ARTIGO-2,ISÓPODOS ANFÍBIOS; BAHIA; ISOPODA; TROGLÓBIO; NEOTROPICAL; BÁCIA SÃO FRANCISCO,,,,,,,,,,,,,,,
TCCE 1/2018,SUBPROJETO 13,"GIOVANNA MONTICELLI CARDOSO, RAFAELA BASTOS PEREIRA, RODRIGO LOPES FERREIRA","CAVE-DWELLERS DIPLOEXOCHUS (ISOPODA, ARMADILLIDAE): NEW SPECIES AND NEW RECORDS OF THE GENUS BRAZIL",01/2023,PUBLICAÇÃO CIENTÍFICA (ARTIGOS),MEIO BIÓTICO,PUBLICADO,ARQUIVO PDF,SUBPROJETO_13_(RODRIGO_LOPES)_ARTIGO-3,BAHIA; ESPÉCIES CAVERNÍCOLA; NETROPICAL; ISÓPODE TERRESTRE,,,,,,,,,,,,,,,
TCCE 1/2018,SUBPROJETO 13,"GIOVANNA MONTICELLI CARDOSO, RAFAELA BASTOS PEREIRA, RODRIGO LOPES FERREIRA","TWO NEW TROGLOBITIC SPECIES OF IANSAONISCUS FROM BRAZILIAN CAVES (CRUSTACEA, ISOPODA, PUDEONISCIDAE)",06/2022,PUBLICAÇÃO CIENTÍFICA (ARTIGOS),MEIO BIÓTICO,PUBLICADO,ARQUIVO PDF,SUBPROJETO_13_(RODRIGO_LOPES)_ARTIGO-4,FAUNA CAVERNÍCOLA; NEOTROPICAL; ONISCIDEA; ISÓPODE TERRESTRE; TROGLÓBIO,,,,,,,,,,,,,,,
TCCE 1/2018,SUBPROJETO 13,"GIOVANNA MONTICELLI CARDOSO, RODRIGO LOPES FERREIRA","NEW TROGLOBITIC SPECIES OF BENTHANA BUDDE-LUND, 1908 AND BENTHANOIDES LEMOS DE CASTRO, 1958  FROM IRON-ORE CAVES AND their IMPORTANT RECORD IN THE AMAZON BIOME (CURSTACEAE: ISOPODA: PHILOSCIIDAE)",07/2023,PUBLICAÇÃO CIENTÍFICA (ARTIGOS),MEIO BIÓTICO,PUBLICADO,ARQUIVO PDF,SUBPROJETO_13_(RODRIGO_LOPES)_ARTIGO-5,CRUSTACEAE; CRINOCHETA; TATUZINHO-DE-JARDIM; ESPÉCIE TROGLÓBIA; NEOTROPICAL,https://mapress.com/zt/article/view/zootaxa.5319.4.5,,,,,,,,,,,,,,
TCCE 1/2018,SUBPROJETO 13,"GIOVANNA MONTICELLI CARDOSO, RODRIGO LOPES FERREIRA","NEW TROGLOBITIC SPECIES OF PECTENONISCUS ANDERSSON, 1960 (ISOPODA: ONISCIDEA: STYLONISCIDAE) FROM BAHIA STATE, BRAZIL",06/2023,PUBLICAÇÃO CIENTÍFICA (ARTIGOS),MEIO BIÓTICO,PUBLICADO,ARQUIVO PDF,SUBPROJETO_13_(RODRIGO_LOPES)_ARTIGO-6,SYNOCHETA; TATUZINHO-DE-JARDIM; ESPÉCIE CAVERNÍCOLA; NEOTROPICAL,https://doi.org/10.1080/01650521.2023.2230735,,,,,,,,,,,,,,
TCCE 1/2018,SUBPROJETO 13,"GIOVANNA MONTICELLI CARDOSO, RAFAELA BASTOS PEREIRA, LEILA APARECIDA SOUZA, RODRIGO LOPES FERREIRA","NEW CAVE SPECIES OF PECTENONISCUS ANDERSON, 1960 (ISOPODA: ONISCIDEA: STYLONISCIDAE) AND AN IDENTIFICATION KEY FOR THE GENUS",10/2020,PUBLICAÇÃO CIENTÍFICA (ARTIGOS),MEIO BIÓTICO,PUBLICADO,ARQUIVO PDF,SUBPROJETO_13_(RODRIGO_LOPES)_ARTIGO-7,CAATINGA; ESPÉCIE CAVERNÍCOLA; CERRADO; NEOTROPICAL; TATUZINHO-DE-JARDIM,,,,,,,,,,,,,,,
TCCE 1/2018,SUBPROJETO 13,"PAULO CÉSAR REIS VENÂNCIO, LUCAS MENDES RABELO, THAÍS GIOVANNI PELEGRINI, RODRIGO LOPES FERREIRA",FROM LIGHT TO DARKNESS: THE DUALITY OF HABITAT HETEROGENEITY ON NEOTROPICAL TERRESTRIAL CAVE INVERTEBRATE COMMUNITIES,07/2022,PUBLICAÇÃO CIENTÍFICA (ARTIGOS),MEIO BIÓTICO,PUBLICADO,ARQUIVO PDF,SUBPROJETO_13_(RODRIGO_LOPES)_ARTIGO-8,COMPOSIÇÃO; RIQUESA; HABITAT SUBTERRÂNEOS; BIODIVERSIDADE; ARTHROPODA,https://doi.org/10.1080/01650521.2022.2095832,,,,,,,,,,,,,,
TCCE 1/2018,SUBPROJETO 13,ALICIA HELENA SOUZA RODRIGUES FERREIRA,RESPONSE OF CAVE INVERTEBRATE COMMUNITIES TO HABITAT HETEROGENEITY AT DIFFERENT SCALES,04/2023,PUBLICAÇÃO CIENTÍFICA (TRABALHOS ACADÊMICOS),MEIO BIÓTICO,PRODUZIDO,ARQUIVO PDF,SUBPROJETO_13_(RODRIGO_LOPES)_DISSERTAÇÃO_RESPONSE_OF_CAVE_INVERTEBRATE,CAVERNAS; INVERTEBRADO; ESCALAS AMOSTRAIS; RIQUEZA,,,,,,,,,,,,,,,
TCCE 1/2018,SUBPROJETO 13,PAULO CÉSAR REIS VENÂNCIO,INFLUENCE OF ENVIRONMENTAL HETEROGENEITY ON SPATIO-TEMPORAL STRUCTURING OF CAVE INVERTEBRATE COMMUNITIES,04/2023,PUBLICAÇÃO CIENTÍFICA (TRABALHOS ACADÊMICOS),MEIO BIÓTICO,PRODUZIDO,ARQUIVO PDF,SUBPROJETO_13_(RODRIGO_LOPES)_DISSERTAÇÃO_INFLUENCE_OF_ENVIROMENTAL_HETEROGENITY,ESTRUTURAÇÃO DE HABITAT; CAVERNA; ESCALA ESPACIAL; RECURSOS ORGÂNICOS; ZONAÇÃO,,,,,,,,,,,,,,,
TCCE 1/2018,SUBPROJETO 13,VITOR GABRIEL PEREIRA JUNTA,"A INFLUÊNCIA DA ESTRUTURA DE HABITAT SOBRE AS COMUNIDADES DE INVERTEBRADOS SUBTERRÂNEOS DA REGIÃO DE SANTANA, BAHIA",04/2023,PUBLICAÇÃO CIENTÍFICA (TRABALHOS ACADÊMICOS),MEIO BIÓTICO,PRODUZIDO,ARQUIVO PDF,SUBPROJETO_13_(RODRIGO_LOPES)_DISSERTAÇÃO_A_INFLUÊNCIA_DA_ESTRUTURA_DE_HABITAT,CAVERNAS; INVERTEBRADOS; HABITAT; COMUNIDADE,,,,,,,,,,,,,,,
TCCE 1/2018,SUBPROJETO 13,"RAFAELA BASTOS PEREIRA, GIOVANNA MONTICELLI CARDOSO, RODRIGO LOPES FERREIRA","FAUNA CAVERNÍCOLA DO BRASIL. CAPÍTULO 7 AMPHIPODA, P. 171.",04/2022,LIVROS,MEIO BIÓTICO,PUBLICADO,LINK WEB PAGE,https://editorarupestre.com.br/fauna-cavernicola-do-brasil/,FAUNA CAVERNÍCOLA; BRASIL,https://editorarupestre.com.br/fauna-cavernicola-do-brasil/,,,,,,,,,,,,,,
TCCE 1/2018,SUBPROJETO 13,"IVANKLIN SOARES CAMPOS FILHO, GIOVANNA MONTICELLI CARDOSO, MARIA ELINA BICHUETTE","FAUNA CAVERNÍCOLA DO BRASIL. CAPÍTULO 17 ISOPODA, P.363",04/2022,LIVROS,MEIO BIÓTICO,PUBLICADO,LINK WEB PAGE,https://editorarupestre.com.br/fauna-cavernicola-do-brasil/,FAUNA CAVERNÍCOLA; BRASIL,,,,,,,,,,,,,,,
TCCE 1/2018,SUBPROJETO 13,"VITOR GABRIEL PEREIRA JUNTA, RODRIGO ANTÔNIO CASTRO SOUZA, RODRIGO LOPES FERREIRA",UMA NOVA ESPÉCIE DE ARACHNOPSITA (ORTHOPTERA: GRYLLOIDEA: PHALANGOPSIDAE) DE CAVERNAS NA GUATEMALA,04/2022,PUBLICAÇÃO CIENTÍFICA (TRABALHOS ACADÊMICOS),MEIO BIÓTICO,PUBLICADO,ARQUIVO PDF,SUBPROJETO_13_(RODRIGO_LOPES)_RESUMO-1,ENSIFERA; CAVERNA; TAXONOMIA,,,,,,,,,,,,,,,
TCCE 1/2018,SUBPROJETO 13,"ALICIA HELENA SOUZA RODRIGUES FERREIRA, MARCONI SOUZA SILVA, RODRIGO LOPES FERREIRA","PARTICIPAÇÃO DA DIVERSIDADE BETA EM ASSEMBLEIAS DE INVERTEBRADOS TERRESTRES NA CAVERNA SALITRE, CORDISBURGO, MG",04/2022,PUBLICAÇÃO CIENTÍFICA (TRABALHOS ACADÊMICOS),MEIO BIÓTICO,PUBLICADO,ARQUIVO PDF,SUBPROJETO_13_(RODRIGO_LOPES)_RESUMO-2,RIQUEZA DE ESPÉCIES; COMPOSIÇÃO; CAVERNAS; COMUNIDADE,,,,,,,,,,,,,,,
TCCE 1/2018,SUBPROJETO 13,"PAULO CÉSAR REIS VENÂNCIO, RODRIGO LOPES FERREIRA, MARCONI SOUZA SILVA",DIVERSIDADE DE INVERTEBRADOS TERRESTRES EM CAVERNAS: OS EFEITOS DA DISTÂNCIA DA ENTRADA E EXTENSÃO DA CAVERNA NA RIQUEZA DE ESPÉCIES E SUFICIÊNCIA AMOSTRAL,04/2022,PUBLICAÇÃO CIENTÍFICA (TRABALHOS ACADÊMICOS),MEIO BIÓTICO,PUBLICADO,ARQUIVO PDF,SUBPROJETO_13_(RODRIGO_LOPES)_RESUMO-3,COMUNIDADES; TROGLÓBIOS; ESTIMADORES; MÉTODOS DE AMOSTRAGEM,,,,,,,,,,,,,,,
TCCE 1/2018,SUBPROJETO 13,"GIOVANNA MONTICELLI CARDOSO, RAFAELA BASTOS PEREIRA, RODRIGO LOPES FERREIRA","BELOS E DESCONHECIDOS: A EXPRESSIVA DIVERSIDADE DE ISÓPODES (ISOPODA, ONISCIDEA) ASSOCIADA A CAVERNAS DO ESTADO DA BAHIA",04/2022,PUBLICAÇÃO CIENTÍFICA (TRABALHOS ACADÊMICOS),MEIO BIÓTICO,PUBLICADO,ARQUIVO PDF,SUBPROJETO_13_(RODRIGO_LOPES)_RESUMO-4,BIODIVERSIDADE SUBTERRÂNEA; TROGLÓBIOS; TAXONOMIA; TÁXONS NOVOS,,,,,,,,,,,,,,,
TCCE 1/2018,SUBPROJETO 13,"LUANA CRISTINA LOURENÇO GUIMARÃES, MARCONI SOUZA SILVA, RODRIGO LOPES FERREIRA","DIVERSIDADE DE INVERTEBRADOS TERRESTRES NA CAVERNA PARAÍSO, AVEIRO, PARÁ, BRASIL: FATORES QUE INFLUENCIAM A COMPOSIÇÃO E RIQUEZA EM DISTINTAS ESCALAS DE AMOSTRAGEM",04/2022,PUBLICAÇÃO CIENTÍFICA (TRABALHOS ACADÊMICOS),MEIO BIÓTICO,PUBLICADO,ARQUIVO PDF,SUBPROJETO_13_(RODRIGO_LOPES)_RESUMO-5,SIMILARIDADE; HETEROGENEIDADE DE HÁBITAR; COMUNIDADES,,,,,,,,,,,,,,,
TCCE 1/2018,SUBPROJETO 17.1,"KENNED DA SILVA SOUSA, EDUARDA SILVA DE LIMA, KARINA DIAS DA SILVA",IGARAPÉ SECRETO,05/2024,MATERIAL EDUCATIVO (CARTILHA),MEIO BIÓTICO,PRODUZIDO,ARQUIVO PDF,SUBPROJETO_17.1_(KARINA_SILVA)_IGARAPÉ_SECRETO,CARTILHA; IGARAPÉ; ILUSTRATIVO; COLORIR; EDITAL; FERRUGINOSAS,,,,,,,,,,,,,,,
TCCE 1/2018,SUBPROJETO 17.1,"KENNED DA SILVA SOUSA, FERNANDA ALEXANDRE SILVA, KESLEY GADELHA FERREIRA, LENIZE CALVÃO, KARINA DIAS DA SILVA",ODONATA,04/2024,MATERIAL EDUCATIVO (CARTILHA),MEIO BIÓTICO,PRODUZIDO,ARQUIVO PDF,SUBPROJETO_17.1_(KARINA_SILVA)_ODONATA,CARTILHA; ODONATA; ZYGOPTERA; ANISOPTERA; EDITAL; FERRUGINOSAS,,,,,,,,,,,,,,,
TCCE 1/2018,SUBPROJETO 17.1,MATHEUS FERNANDES,RIQUEZA E COMPOSIÇÃO DE GERROMORPHA (HETEROPTERA: HEMIPTERA) EM IGARAPÉS DENTRO E FORA DE UMA UNIDADE DE CONSERVAÇÃO,04/2024,PUBLICAÇÃO CIENTÍFICA (TRABALHOS ACADÊMICOS),MEIO BIÓTICO,PRODUZIDO,ARQUIVO PDF,SUBPROJETO_17.1_(KARINA_SILVA)_TCC-1,GERROMORPHA; HEMIPTERA; IGARAPÉ; UNIDADE DE CONSERVAÇÃO; EDITAL; FERRUGINOSAS,,,,,,,,,,,,,,,
TCCE 1/2018,SUBPROJETO 17.1,GLEYCE KELLY DOS SANTOS MELO,COMPOSIÇÃO E RIQUEZA DE ODONATA (INSECTA) EM IGARAPÉS DENTRO E FORA DA FLORESTA NACIONAL DE CARAJÁS NA AMAZÔNIA ORIENTAL,03/2024,PUBLICAÇÃO CIENTÍFICA (TRABALHOS ACADÊMICOS),MEIO BIÓTICO,PRODUZIDO,ARQUIVO PDF,SUBPROJETO_17.1_(KARINA_SILVA)_TCC-2,ÁREAS PROTEGIDAS; UNIDADES DE CONSERVAÇÃO; ANISOPTERA; ZYGOPTERA; BIOINDICADORES; MACROINVERTEBRADOS; EDITAL; FERRUGINOSAS,,,,,,,,,,,,,,,
TCCE 1/2018,SUBPROJETO 17.1,GABRIEL SANTOS DA SILVA,COMPOSIÇÃO TAXONÔMICA E FUNCIONAL DE ODONATA EM IGARAPÉS DENTRO E FORA DE UMA UNIDADE DE CONSERVAÇÃO EM ÁREAS FERRUGINOSAS NA AMAZÔNIA BRASILEIRA,04/2024,PUBLICAÇÃO CIENTÍFICA (TRABALHOS ACADÊMICOS),MEIO BIÓTICO,PRODUZIDO,ARQUIVO PDF,SUBPROJETO_17.1_(KARINA_SILVA)_TCC-3,TAXONÔMIA; ODONATA; UNIDADE DE CONSERVAÇÃO; IGARAPÉ; EDITAL; FERRUGINOSAS,,,,,,,,,,,,,,,
TCCE 1/2018,SUBPROJETO 17.2,"MAYARA MARIA DE SOUZA, DEBORA MARINA BANDEIRA, FABIANA GISELE DA SILVA PINTO",PROSPECÇÃO E AVALIAÇÃO DA RESISTÊNCIA A ANTIMICROBIANOS E TOLERÂNCIA A METAIS DE MICRORGANISMOS ISOLADOS DE SOLO DE CAVERNA DA SERRA DE CARAJÁS-PA,11/2023,PUBLICAÇÃO CIENTÍFICA (TRABALHOS ACADÊMICOS),MEIO BIÓTICO,PUBLICADO,ARQUIVO PDF,SUBPROJETO_17.2_(FABIANA_SILVA)_RESUMO_PROSPECÇÃO_AVALIAÇÃO_RESISTÊNCIA_MICROBIANA,COMUNIDADES MICROBIANAS; CAVERNAS; BIOTECNOLOGIA AMBIENTAL; EDITAL; FERRUGINOSAS,,,,,,,,,,,,,,,
TCCE 1/2018,SUBPROJETO 17.2,"MAYARA MARIA DE SOUZA, MAIARA ZONIN, LUANA DE SOUZA, CAMILA VOGT DOS SANTOS, DEBORA MARINA BANDEIRA, AFFONSO CELSO GONÇALVES JÚNIOR, FABIANA GISELE DA SILVA PINTO",PROSPECÇÃO E AVALIAÇÃO DA RESISTÊNCIA A ANTIMICROBIANOS E TOLERÂNCIA A METAIS DE MICRORGANISMOS ISOLADOS DE SOLO DE CAVERNA DA SERRA DE CARAJÁS-PA,12/2023,PUBLICAÇÃO CIENTÍFICA (ARTIGOS),MEIO BIÓTICO,PUBLICADO,ARQUIVO PDF,SUBPROJETO_17.2_(FABIANA_SILVA)_ARTIGO_PROSPECÇÃO_AVALIAÇÃO_RESISTÊNCIA_MICROBIANA,ATIVIDA ANTIMICROBIANA; TOLERÂNCIA; PERFIL DE RESISTÊNCIA; EDITAL; FERRUGINOSAS,,,,,,,,,,,,,,,
TCCE 1/2018,SUBPROJETO 17.2,"MAYARA MARIA DE SOUZA, MAIARA ZONIN, DEBORA MARINA BANDEIRA, JÉSSICA ROSSET, LUANA DE SOUZA, FABIANA GISELE DA SILVA PINTO","MICROBIOLOGIA E BIOTECNOLOGIA AMBIENTAL IN FOCO. CAÍTULO - PERFIL DE RESISTÊNCIA ANTIMICROBIANA DE BACTÉRIAS ISOLADAS EM CAVERNAS FERRÍFERAS DA AMAZÔNIA ORIENTAL-PARÁ, BRASIL",04/2024,LIVROS,MEIO BIÓTICO,PUBLICADO,ARQUIVO PDF,SUBPROJETO_17.2_(FABIANA_SILVA)_LIVRO-1,CAVERNAS FERRÍFERA; ANTIMICROBIANOS; RESISTÊNCIA BACTERIANA; EDITAL; FERRUGINOSAS,,,,,,,,,,,,,,,
TCCE 1/2018,SUBPROJETO 17.2,"BRENDA ALMEIDA LIMA, JÉSSICA ROSSET, RAFAEL DOS SANTOS SCHERER, JOSÉ AUGUSTO PIRES BITENCOURT, MAYARA MARIA DE SOUZA, FABIANA GISELE DA SILVA PINTO","TÓPICOS EM ESPELEOLÓGICA. CAPÍTULO - TOLERÂNCIA A METAIS DE MICRORGANISMOS ISOLADOS DE SOLO DE CAVERNA FERRÍFERA NO PARÁ. V. 1, CAP. 1, P.6-18",04/2024,LIVROS,MEIO BIÓTICO,PUBLICADO,ARQUIVO PDF,SUBPROJETO_17.2_(FABIANA_SILVA)_LIVRO-2,CAVERNA; SOLO; MICRORGANISMO; TOLERÂNCIA; METAIS; EDITAL; FERRUGINOSAS,,,,,,,,,,,,,,,
TCCE 1/2018,SUBPROJETO 17.2,"MAYARA MARIA DE SOUZA, FABIANA GISELE DA SILVA PINTO, DEBORA MARINA BANDEIRA, CAMILA VOGT DOS SANTOS, LUANA DE SOUZA, ADRIÁ BRAUN VIEIRA, AMANDA JANAÍNA GONSATTI FEITOSA",ATLAS DE MICROBIOLOGIA CEPAS PADRÕES E BACTÉRIAS DE CAVERNAS DA AMAZÔNIA-PA,12/2023,LIVROS,MEIO BIÓTICO,PUBLICADO,ARQUIVO PDF,SUBPROJETO_17.2_(FABIANA_SILVA)_LIVRO-3,MICROBIOLOGIA; CAVERNAS; AMAZÔNIA; EDITAL; FERRUGINOSAS,,,,,,,,,,,,,,,
TCCE 1/2018,SUBPROJETO 17.2,BRENDA ALMEIDA LIMA,"DIVERSIDADE TAXONÔMICA E POTENCIAL ENZIMÁTICO MICROBIANO DE SOLOS DE CAVERNAS FERRÍFERAS DO PARQUE NACIONAL DO CAMPOS FERRUGINOSOS, SERRA DE CARAJÁS-PA, BRASIL",07/2023,PUBLICAÇÃO CIENTÍFICA (TRABALHOS ACADÊMICOS),MEIO BIÓTICO,PRODUZIDO,ARQUIVO PDF,SUBPROJETO_17.2_(FABIANA_SILVA)_DISSERTAÇÃO_DIVERSIDADE_TAXONOMICA_POTENCIAL_ENZIMÁTICO,CAVERNAS FERRÍFERA; SOLO; DIVERSIDADE MICROBIANA; POTENCIAL BIOTECNOLÓGICO; ENZIMAS; TEORES TOTAIS DE METAIS; EDITAL; FERRUGINOSAS,,,,,,,,,,,,,,,
TCCE 1/2018,SUBPROJETO 17.2,"JOSÉ AUGUSTO PIRES BITENCOURT, DEBORA MARINA BANDEIRA, AFFONSO CELSO GONÇALVES JÚNIOR, BRENDA ALMEIDA LIMA, FABIANA GISELE DA SILVA PINTO, ULISSES BRIGATTO ALBINO",EXPLORINGA MICROBIAL DYNAMICS IN FERRUGINOUS CAVES: TAXONOMIC ANDA FUNCTIONAL DIVERSITY ACROSS SEASONS AND CAVE ZONES,09/2025,PUBLICAÇÃO CIENTÍFICA (ARTIGOS),MEIO BIÓTICO,PUBLICADO,ARQUIVO PDF,SUBPROJETO_17.2_(FABIANA_SILVA)_ARTIGO_EXPLORING_MICROBIAL_DYNAMICS,MICROBIOMA DE CAVERNA; QUIMIOHETEROTROFIA; METABOLISMO DO FERRO; METAGENÔMICA; DIVERSIDADE MICROBIANA; VARIAÇÃO SAZONAL; EDIAL; FERRUGINOSAS,,,,,,,,,,,,,,,
TCCE 1/2018,SUBPROJETO 17.2,"MAYARA MARIA DE SOUZA, CAMILA VOGT DOS SANTOS, LUANA DE SOUZA, DEBORA MARINA BANDEIRA, FABIANA GISELE DA SILVA PINTO",PROFILE OF MICROBIAL RESISTANCE TO ANTIMICROBIALS OF BACTERIA ISOLATED IN IRON CAVES IN THE EASTERN AMAZONIA-PA,10/2023,PUBLICAÇÃO CIENTÍFICA (TRABALHOS ACADÊMICOS),MEIO BIÓTICO,PUBLICADO,ARQUIVO PDF,SUBPROJETO_17.2_(FABIANA_SILVA)_RESUMO_PROFILE_OF_MICROBIAL,PERFIL MICROBIANO; RESITÂNCIA ANTIMICROBIANOS; AMAZÔNIA; EDITAL; FERRUGINOSAS,,,,,,,,,,,,,,,
TCCE 1/2018,SUBPROJETO 17.3,"ÚRSULA DE AZEVEDO RUCHKYS, LUIZ EDUARDO PANISSET TRAVASSOS, MAURO GOMES",CONSERVAÇÃO DA GEODIVERSIDADE EM GEOSSISTEMAS FERRUGINOSOS,10/2024,PUBLICAÇÃO CIENTÍFICA (ARTIGOS),MEIO FÍSICO,PUBLICADO,ARQUIVO PDF,SUBPROJETO_17.3_(ÚRSULA_RUCHKYS)_ARTIGO-1,GEODIVERSIDADE; BAT CAVES; IMPACTOS DA MINERAÇÃO; ECOLOGIA DE PAISAGEM; GESTÃO AMBIENTAL; EDITAL; FERRUGINOSAS,,,,,,,,,,,,,,,
TCCE 1/2018,SUBPROJETO 17.3,"ÚRSULA DE AZEVEDO RUCHKYS, DARCY JOSÉ DOS SANTOS, LUCIANO JOSÉ ALVARENGA",NA INTEGRATED GEOETHICAL APPROACH TO THE CONSERVATION OF SPELEOLOGICAL GEOHERITAGE IN MINING CONTEXTS IN BRAZIL,12/2024,PUBLICAÇÃO CIENTÍFICA (ARTIGOS),MEIO FÍSICO,PUBLICADO,ARQUIVO PDF,SUBPROJETO_17.3_(ÚRSULA_RUCHKYS)_ARTIGO-2,GEOÉTICA; GEOPATRIMÔNIO ESPELEOLÓGICO; SISTEMAS FERRUGINOSOS; MINERAÇÃO SUSTENTÁVEL; EDITAL; FERRUGINOSAS,,,,,,,,,,,,,,,
TCCE 1/2018,SUBPROJETO 17.4,"LUIZA SANTOS REIS, QIANG YAO, CECÍLIA YUKI GOMES DE SÁ, PAULO EDUARDO DE OLIVEIRA",MODERN POLLEN SPECTRA FROM BAT GUANO DEPOSITS IN SOUTHEASTERN AMAZONIA,08/2026,PUBLICAÇÃO CIENTÍFICA (ARTIGOS),MEIO BIÓTICO,PUBLICADO,ARQUIVO PDF,SUBPROJETO_17.4_(PAULO_OLIVEIRA)_ARTIGO-1,AMAZÔNIA; CARAJÁS; GUANO DE MORCEGO; CONJUNTO DE PÓLEM; EDITAL; FERRUGINOSAS,,,,,,,,,,,,,,,
TCCE 1/2018,SUBPROJETO 17.4,"LUIZA SANTOS REIS, PAULO EDUARDO DE OLIVEIRA, QIANG YAO",A COMPREHENSIVE PROCEDURE FOR POLLEN EXTRACTION FROM BAT GUANO DEPOSITS IN ORGANIC AND DETRITAL MATRICES,09/2023,PUBLICAÇÃO CIENTÍFICA (ARTIGOS),MEIO BIÓTICO,PUBLICADO,ARQUIVO PDF,SUBPROJETO_17.4_(PAULO_OLIVEIRA)_ARTIGO-2,PALINOLOGIA; GUANO DE MORCEGO; POLÉM; PALINOMORFO; PALEOECOLOGIA; EDITAL; FERRUGINOSAS,,,,,,,,,,,,,,,
TCCE 1/2018,SUBPROJETO 17.4,"LUIZA SANTOS REIS, JOSÉ RASSO FELIX GUIMARÃES, QIANG YAO, CECÍLIA YUKI GOMES DE SÁ, PAULO EDUARDO DE OLIVEIRA",ESPECTROS POLÍNICOS MODERNOS DE DEPÓSITOS DE GUANO DE MORCEGOS NO SUDESTE DA AMAZÔNIA,11/2023,PUBLICAÇÃO CIENTÍFICA (TRABALHOS ACADÊMICOS),MEIO BIÓTICO,PUBLICADO,ARQUIVO PDF,SUBPROJETO_17.4_(PAULO_OLIVEIRA)_RESUMO-1,PÓLEM; GUANO DE MORCEGOS; AMAZÔNIA; EDITAL; FERRUGINOSAS,,,,,,,,,,,,,,,
TCCE 1/2018,SUBPROJETO 17.4,"LUIZA SANTOS REIS, CECÍLIA YUKI GOMES DE SÁ, FERNANDA LANDIM, PAULO DE OLIVEIRA",IMPLICATIONS OF MODERN POLLEN RECORDS ON BAT GUANO FOR PALAEOECOLOGICAL STUDIES IN SOUTHEASTERN AMAZONIA,07/2023,PUBLICAÇÃO CIENTÍFICA (TRABALHOS ACADÊMICOS),MEIO BIÓTICO,PUBLICADO,ARQUIVO PDF,SUBPROJETO_17.4_(PAULO_OLIVEIRA)_RESUMO-2,PÓLEM; GUANO DE MORCEGOS; PALEOECOLOGIA; AMAZÔNIA; EDITAL; FERRUGINOSAS,,,,,,,,,,,,,,,
TCCE 1/2018,SUBPROJETO 17.4,"CECÍLIA YUKI GOMES DE SÁ, PAULO EDUARDO DE OLIVEIRA, LUIZA SANTOS REIS",AS MUDANÇAS AMBIENTAIS E CLIMÁTICAS DO PASSADO AFETARAM A DISTRIBUIÇÃO E DIETA ALIMENTAR DOS MORCEGOS NO SUDESTE DA AMAZÔNIA?,08/2023,PUBLICAÇÃO CIENTÍFICA (TRABALHOS ACADÊMICOS),MEIO BIÓTICO,PUBLICADO,ARQUIVO PDF,SUBPROJETO_17.4_(PAULO_OLIVEIRA)_RESUMO-3,PALEOCLIMA; CHIROPTERA; AMAZÔNIA; EDITAL; FERRUGINOSAS,,,,,,,,,,,,,,,
TCCE 1/2018,SUBPROJETO 17.5,"BRUNA NASCIMENTO DE OLIVEIRA, RAFAELA JEMELY RODRIGUES ALEXANDRE, SIMONE ALMEIDA PENA, ALLYSSON MOURA LUZ, THIAGO BERNARDI VIEIRA, LETÍCIA LIMA CORREIA",INDIGENOUS LAND IS THE KEYSTONE TO PROTECTING BRAZILIAN BAT (MAMMALIA: CHIROPTERA) BIODIVERSITY AND THEIR ECOSYSTEM SERVICE,05/2025,PUBLICAÇÃO CIENTÍFICA (ARTIGOS),MEIO BIÓTICO,PUBLICADO,ARQUIVO PDF,SUBPROJETO_17.5_(THIAGO_BERNARDI)_ARTIGO-1,CONSERVAÇÃO DE MORCEGOS; ÁREAS PROTEGIDAS; MODELO DE DISTRIBUIÇÃO DE ESPÉCIES; ALGORITIMO DE ZONAÇÃO; BIODIVERSIDADE TROPICA; CATEGORIAS IUCN; EDITAL; FERRUGINOSAS,,,,,,,,,,,,,,,
TCCE 1/2018,SUBPROJETO 17.5,"ANA BEATRIZ ALENCASTRE SANTOS, LETÍCIA LIMA CORREIA, LOYRIANE MOURA SOUSA, CLAUDIA REGINA SILVA, THIAGO BERNARDI VIEIRA","OPPORTUNISTIC PREDATION OF CAROLLIA BREVICAUDA (SCHINZ, 1821) (CHIROPTERA: PHYLOSTOMIDAE) BY MARMOSA DEMERARAE (THOMAS, 1905) (MARSUPIALIA: DIDELPHIDAE) IN THE BRAZILIAN AMAZON",03/2022,PUBLICAÇÃO CIENTÍFICA (ARTIGOS),MEIO BIÓTICO,PUBLICADO,ARQUIVO PDF,SUBPROJETO_17.5_(THIAGO_BERNARDI)_ARTIGO-2,MAMMALIA; MAMÍFEROS; INTERAÇÃO PREDADOR-PRESA; MORCEGO DE CAUDA CURTA; EDITAL; FERRUGINOSAS,,,,,,,,,,,,,,,
TCCE 1/2018,SUBPROJETO 17.5,"THIAGO BERNARDI VIEIRA, RAFAELA JEMELY RODRIGUES ALEXANDRE, SAMANTHA VALENTE DIAS, SIMONE ALMEIDA PENA, ZENEIDE DAMIÃO DA SILVA, LETÍCIA LIMA CORREIA, JENNIFER B. DA SILVA, FELIPE BAIA RODRIGUES, GUSTAVO GRACIOLLI","ASSOCIATION BETWEEN BATS (MAMMALIA: CHIROPTERA) AND BAT FLIES (STREBLIDAE, HIPPOBOSCOIDEA) FROM URBAN FRAGMENTS OF AMAZON",12/2023,PUBLICAÇÃO CIENTÍFICA (ARTIGOS),MEIO BIÓTICO,PUBLICADO,ARQUIVO PDF,SUBPROJETO_17.5_(THIAGO_BERNARDI)_ARTIGO-3,CHIROPTERA; FLORESTA AMAZÔNICA; HIPPOBOSCOIDEA; INDÍCES PARASITÁRIOS; EDITAL; FERRUGINOSAS,,,,,,,,,,,,,,,
TCCE 1/2018,SUBPROJETO 17.5,"LETÍCIA LIMA CORREIA, DANIELLE R. G. RIBEIRO BRASIL, MAGALI G. GARCIA, DANIELA DE MELO, ANA BEATRIZ ALENCASTRE SANTOS, THIAGO BERNARDI VIEIRA",THE FIRST RECORD OF INGESTION AND INHALATION OF MICRO-AND MESOPLASTICS BY NEOTROPICAL BATS FROM THE BRAZILIAN AMAZON,12/2023,PUBLICAÇÃO CIENTÍFICA (ARTIGOS),MEIO BIÓTICO,PUBLICADO,ARQUIVO PDF,SUBPROJETO_17.5_(THIAGO_BERNARDI)_ARTIGO-4,RESÍDUOS PLÁSTICOS; MAMÍFEROS VOADORES; ALIMENTAÇÃO; RESPIRAÇÃO; EDITAL; FERRUGINOSAS,,,,,,,,,,,,,,,
TCCE 1/2018,SUBPROJETO 17.5,"JÚLIA DE OLIVEIRA FRANÇA, RAFAELA JEMELY RODRIGUES ALEXANDRE, LETÍCIA LIMA CORREIA, LOYRIANE MOURA SOUSA, GUSTAVO GRACIOLLI, LUDMILLA MOURA DE SOUZA AGUIAR, THIAGO BERNARDI VIEIRA",BAT FLIES (DIPTERA: STREBLIDAE) OF PHYLLOSTOMINAE AND STENODERMATINAE (CHIROPTERA: PHYLLOSTOMIDAE) BATS FROM COCOA AND NATURAL AREAS OF AMAZONIA,11/2023,PUBLICAÇÃO CIENTÍFICA (ARTIGOS),MEIO BIÓTICO,PUBLICADO,ARQUIVO PDF,SUBPROJETO_17.5_(THIAGO_BERNARDI)_ARTIGO-5,BIODIVERSIDADE; INTERAÇÃO PARASITA-HOSPEDEIRO; INVENTÁRIO; AMAZÔNIA; EDITAL; FERRUGINOSAS,,,,,,,,,,,,,,,
TCCE 1/2018,SUBPROJETO 17.5,"THIAGO BERNARDI VIEIRA, LETÍCIA LIMA CORREIA, SIMONE ALMEIDA PENA, BRENDA K. GOMES ALMEIDA, GUSTAVO LIMA URBIETA, GUSTAVO GRACIOLLI, LEANDRA ROSE PALHETA, ANTÔNIO WESLEY BARROS CAÇADOR, LUDMILLA MOURA DE SOUZA AGUIAR","BATS (MAMMALIA, CHIROPTERA) AND BAT FLIES (DIPTERA, STREBLIDAE) FOUND IN THE LARGEST SANDSTONE CAVE OF BRAZIL",04/2023,PUBLICAÇÃO CIENTÍFICA (ARTIGOS),MEIO BIÓTICO,PUBLICADO,ARQUIVO PDF,SUBPROJETO_17.5_(THIAGO_BERNARDI)_ARTIGO-6,AMAZÔNIA; BIODIVERSIDADE; INTERAÇÃO; INVENTÁRIO; INTERAÇÃO PARASITA-HOSPEDEIRO; EDITAL; FERRUGINOSAS,,,,,,,,,,,,,,,
TCCE 1/2018,SUBPROJETO 17.5,"THIAGO BERNARDI VIEIRA, RAFAELA JEMELY RODRIGUES ALEXANDRE, SIMONE ALMEIDA PENA, LETÍCIA LIMA CORREIA, ARIANE DE SOUSA BRASIL, LUDMILLA MOURA DE SOUZA AGUIAR, PAULO DE MARCO JÚNIOR, ALBERT DAVID DITCHFIEL",SOME BATS ARE HERE: REDUCING THE WALLACEAN SHORTFALL OF BATS IN THE AMAZON,04/2024,PUBLICAÇÃO CIENTÍFICA (ARTIGOS),MEIO BIÓTICO,PUBLICADO,ARQUIVO PDF,SUBPROJETO_17.5_(THIAGO_BERNARDI)_ARTIGO-7,FLORESTA AMAZÔNICA; CHIROPTERA; ANÁLISES; PHYLLOSTOMIDAE; SDM; EDITAL; FERRUGINOSAS,,,,,,,,,,,,,,,
TCCE 1/2018,SUBPROJETO 17.5,"FELIPE BAIA RODRIGUES, RAFAELA JEMELY RODRIGUES ALEXANDRE, SIMONE ALMEIDA PENA, LETÍCIA LIMA CORREIA",ARE WE IN OR OUT OF CONSERVATION UNITS IN BRAZIL? A GAP ANALYSIS FOR THE CONSERVATION OF BATS IN BRAZIL,03/2024,PUBLICAÇÃO CIENTÍFICA (ARTIGOS),MEIO BIÓTICO,PUBLICADO,ARQUIVO PDF,SUBPROJETO_17.5_(THIAGO_BERNARDI)_ARTIGO-8,CONSERVAÇÃO; CHIROPTERA; EDITAL; FERRUGINOSAS,,,,,,,,,,,,,,,
TCCE 1/2018,SUBPROJETO 17.5,"LOYRIANE MOURA SOUSA, LETÍCIA LIMA CORREIA, RAFAELA JEMELY RODRIGUES ALEXANDRE, SIMONE ALMEIDA PENA, THIAGO BERNARDI VIEIRA",WE'RE GONNA DIE! DO BRAZILIAN CONSERVATION UNITS PROVIDE PROTECTION TO THE AMAZONIAN CHELONIAN?,12/2023,PUBLICAÇÃO CIENTÍFICA (ARTIGOS),MEIO BIÓTICO,PUBLICADO,ARQUIVO PDF,SUBPROJETO_17.5_(THIAGO_BERNARDI)_ARTIGO-9,CONSERVAÇÃO; CHELONIAN; AMAZÔNIA; EDITAL; FERRUGINOSAS,,,,,,,,,,,,,,,
TCCE 1/2018,SUBPROJETO 17.5,"BRUNA NASCIMENTO DE OLIVEIRA, RAFAELA JEMELY RODRIGUES ALEXANDRE, SIMONE ALMEIDA PENA, LETÍCIA LIMA CORREIA, THIAGO BERNARDI VIEIRA",THE INEFFICACY OF BRAZILIAN CONSERVATION AREAS IN SAFEGUARDING BAT BIODIVERSITY,12/2023,PUBLICAÇÃO CIENTÍFICA (ARTIGOS),MEIO BIÓTICO,PUBLICADO,ARQUIVO PDF,SUBPROJETO_17.5_(THIAGO_BERNARDI)_ARTIGO-10,CONSERVAÇÃO; CHIROPTERA; EDITAL; FERRUGINOSAS,,,,,,,,,,,,,,,
TCCE 1/2018,SUBPROJETO 17.5,"LETÍCIA LIMA CORREIA, RIANDRA FREITAS VAREJÃO, THIAGO BERNARDI VIEIRA",CAÇADORES NOTURNOS: DESCUBRA O MUNDO DOS MORCEGOS INSETÍVOROS,04/2024,MATERIAL EDUCATIVO (CARTILHA),MEIO BIÓTICO,PRODUZIDO,ARQUIVO PDF,SUBPROJETO_17.5_(THIAGO_BERNARDI)_CARTILHA-1,CHIROPTERA; CARTILHA; EDITAL; FERRUGINOSAS,,,,,,,,,,,,,,,
TCCE 1/2018,SUBPROJETO 17.5,"RIANDRA FREITAS VAREJÃO, LETÍCIA LIMA CORREIA, THIAGO BERNARDI VIEIRA",ENTRE AS SOMBRAS: JORNADA NO MUNDO DOS MORCEGOS HEMATÓFAGOS,04/2024,MATERIAL EDUCATIVO (CARTILHA),MEIO BIÓTICO,PRODUZIDO,ARQUIVO PDF,SUBPROJETO_17.5_(THIAGO_BERNARDI)_CARTILHA-2,CHIROPTERA; CARTILHA; EDITAL; FERRUGINOSAS,,,,,,,,,,,,,,,
TCCE 1/2018,SUBPROJETO 17.5,"RIANDRA FREITAS VAREJÃO, LETÍCIA LIMA CORREIA, THIAGO BERNARDI VIEIRA",ENTRE ASAS E FRUTAS: DESCUBRA O FASCINANTE MUNDO DOS MORCEGOS FRUGÍVOROS,04/2024,MATERIAL EDUCATIVO (CARTILHA),MEIO BIÓTICO,PRODUZIDO,ARQUIVO PDF,SUBPROJETO_17.5_(THIAGO_BERNARDI)_CARTILHA-3,CHIROPTERA; CARTILHA; EDITAL; FERRUGINOSAS,,,,,,,,,,,,,,,
TCCE 1/2018,SUBPROJETO 17.5,"RIANDRA FREITAS VAREJÃO, LETÍCIA LIMA CORREIA, THIAGO BERNARDI VIEIRA",EXPLORANDO AS ÁREAS DE CANGA: PRESERVAÇÃO E CONEXÃO COM A NATUREZA,04/2024,MATERIAL EDUCATIVO (CARTILHA),MEIO FÍSICO,PRODUZIDO,ARQUIVO PDF,SUBPROJETO_17.5_(THIAGO_BERNARDI)_CARTILHA-4,FERRÍFERAS; CANGA; CARTILHA; EDITAL; FERRUGINOSAS,,,,,,,,,,,,,,,
TCCE 1/2018,SUBPROJETO 17.5,"THIAGO BERNARDI VIEIRA, LETÍCIA LIMA CORREIA, RIANDRA FREITAS VAREJÃO",O TRABALHO DOS MORCEGOS,04/2024,MATERIAL EDUCATIVO (CARTILHA),MEIO BIÓTICO,PRODUZIDO,ARQUIVO PDF,SUBPROJETO_17.5_(THIAGO_BERNARDI)_CARTILHA-5,CHIROPTERA; CARTILHA; EDITAL; FERRUGINOSAS,,,,,,,,,,,,,,,
TCCE 1/2018,SUBPROJETO 17.5,"LETÍCIA LIMA CORREIA, RIANDRA FREITAS VAREJÃO, THIAGO BERNARDI VIEIRA",PROTEGENDO OS GUARDIÕES NOTURNOS: DESCUBRA A IMPORTÂNCIA DOS ABRIGOS DE MORCEGOS,04/2024,MATERIAL EDUCATIVO (CARTILHA),MEIO BIÓTICO,PRODUZIDO,ARQUIVO PDF,SUBPROJETO_17.5_(THIAGO_BERNARDI)_CARTILHA-6,CHIROPTERA; CARTILHA; EDITAL; FERRUGINOSAS,,,,,,,,,,,,,,,
TCCE 1/2018,SUBPROJETO 17.5,"RIANDRA FREITAS VAREJÃO, LETÍCIA LIMA CORREIA, THIAGO BERNARDI VIEIRA",SOMBRA E SILÊNCIO: EXPLORANDO O MUNDO INTRIGANTE DOS MORCEGOS CARNÍVOROS,04/2024,MATERIAL EDUCATIVO (CARTILHA),MEIO BIÓTICO,PRODUZIDO,ARQUIVO PDF,SUBPROJETO_17.5_(THIAGO_BERNARDI)_CARTILHA-7,CHIROPTERA; CARTILHA; EDITAL; FERRUGINOSAS,,,,,,,,,,,,,,,
TCCE 1/2018,SUBPROJETO 17.5,"RIANDRA FREITAS VAREJÃO, LETÍCIA LIMA CORREIA, THIAGO BERNARDI VIEIRA",VOO SABOROSO: EXPLORANDO A VIDA DOS MORCEGOS NECTARÍVOROS,04/2024,MATERIAL EDUCATIVO (CARTILHA),MEIO BIÓTICO,PRODUZIDO,ARQUIVO PDF,SUBPROJETO_17.5_(THIAGO_BERNARDI)_CARTILHA-8,CHIROPTERA; CARTILHA; EDITAL; FERRUGINOSAS,,,,,,,,,,,,,,,
TCCE 1/2018,SUBPROJETO 17.5,JÚLIA DE OLIVEIRA FRANÇA,DÍPTERA ECTOPARASITAS DE MORCEGOS PHYLLOSTOMINAE E STENODERMATINAE (MAMMALIA: CHIROPTERA) EM ÁREAS NATURAIS E DE CULTIVO DE CACAU (THIOBROMA CACAO),01/2022,PUBLICAÇÃO CIENTÍFICA (TRABALHOS ACADÊMICOS),MEIO BIÓTICO,PRODUZIDO,ARQUIVO PDF,SUBPROJETO_17.5_(THIAGO_BERNARDI)_TCC-1,RELAÇÃO PARASITA-HOSPEDEIRO; DÍPTERAS ECTOPARASITAS; PHYLLOSTOMINAE; STENODERMATINAE; THEOBROMA CACAO; EDITAL; FERRUGINOSAS,,,,,,,,,,,,,,,
TCCE 1/2018,SUBPROJETO 17.5,ANA BEATRIZ ALENCASTRE SANTOS,ANÁLISE DA PRESENÇA DE MICROPLÁSTICO EM MORCEGOS HEMATÓFAGOS,01/2022,PUBLICAÇÃO CIENTÍFICA (TRABALHOS ACADÊMICOS),MEIO BIÓTICO,PRODUZIDO,ARQUIVO PDF,SUBPROJETO_17.5_(THIAGO_BERNARDI)_TCC-2,BIOINDICADORES; CHIROPTERA; CONTAMINAÇÃO; ÓRGÃOS; PLÁSTICO; EDITAL; FERRUGINOSAS,,,,,,,,,,,,,,,
TCCE 1/2018,SUBPROJETO 17.5,BRUNA NASCIMENTO DE OLIVEIRA,ÁREAS PRIORITÁRIAS PARA A CONSERVAÇÃO DE MORCEGOS (MAMMALIA: CHIROPTERA) DO BRASIL,02/2023,PUBLICAÇÃO CIENTÍFICA (TRABALHOS ACADÊMICOS),MEIO BIÓTICO,PRODUZIDO,ARQUIVO PDF,SUBPROJETO_17.5_(THIAGO_BERNARDI)_DISSERTAÇÃO-1,GUILDA TRÓFICA; SERVIÇOS ECOSSISTÊMICOS; PRIORIZAÇÃO DA CONSERVAÇÃO; UNIDADES DE CONSERVAÇÃO; ZONAÇÃO; MODELAGEM DE DISTRIBUIÇÃO DE ESPÉCIES; EDITAL; FERRUGINOSAS,,,,,,,,,,,,,,,
TCCE 1/2018,SUBPROJETO 17.5,FELIPE BAIA RODRIGUES,LACUNAS PARA CONSERVAÇÃO DAS ESPÉCIES E DOS SERVIÇOS ECOSSISTÊMICOS DE MORCEGOS DO BRASIL,02/2023,PUBLICAÇÃO CIENTÍFICA (TRABALHOS ACADÊMICOS),MEIO BIÓTICO,PRODUZIDO,ARQUIVO PDF,SUBPROJETO_17.5_(THIAGO_BERNARDI)_DISSERTAÇÃO-2,MORCEGOS; UNIDADES DE CONSERVAÇÃO; SERVIÇOS ECOSSISTÊMICOS; MODELAGEM DE DISTRIBUIÇÃO DE ESPÉCIES; EDITAL; FERRUGINOSAS,,,,,,,,,,,,,,,
TCCE 1/2018,SUBPROJETO 17.5,LOYRIANE MOURA SOUSA,LACUNAS E ÁREAS PRIORITÁRIAS PARA A CONSERVAÇÃO DE QUELÔNIOS (REPTILIA: TESTUDINES) NA AMAZÔNIA BRASILEIRA,02/2023,PUBLICAÇÃO CIENTÍFICA (TRABALHOS ACADÊMICOS),MEIO BIÓTICO,PRODUZIDO,ARQUIVO PDF,SUBPROJETO_17.5_(THIAGO_BERNARDI)_DISSERTAÇÃO-3,UNIDADE DE CONSERVAÇÃO; TERRA INDÍGENA; BIODIVERSIDADE; VARIÁVEIS BIOCLIMÁTICAS; QUELÔNIO; EDITAL; FERRUGINOSAS,,,,,,,,,,,,,,,
TCCE 1/2018,SUBPROJETO 17.5,ZENEIDE DAMIÃO DA SILVA,DISPERSÃO DE SEMENTES E REDES MUTUALÍSTICAS ENTRE MORCEGOS DA FAMÍLIA PHYLLOSTOMIDAE (MAMMALIA: CHIROPTERA) E PLANTAS DE PAISAGENS DOMINADAS POR CULTIVO DE CACAU NA AMAZÔNIA BRASILEIRA,01/2024,PUBLICAÇÃO CIENTÍFICA (TRABALHOS ACADÊMICOS),MEIO BIÓTICO,PRODUZIDO,ARQUIVO PDF,SUBPROJETO_17.5_(THIAGO_BERNARDI)_DISSERTAÇÃO-4,MUTUALISMO; FRUGIVORIA; INTERAÇÃO MORCEGO-PLANTA; QUIROPTEROCORIA; USO DA TERRA; EDITAL; FERRUGINOSAS,,,,,,,,,,,,,,,
TCCE 1/2018,SUBPROJETO 17.5,SIMONE ALMEIDA PENA,"ECOLOGIA E CONSERVAÇÃO DE PEQUENOS MAMÍFEROS NÃO-VOADORES (DIDELPHIMORPHIA, RODENTIA) DA AMAZÔNIA BRASILEIRA",11/2023,PUBLICAÇÃO CIENTÍFICA (TRABALHOS ACADÊMICOS),MEIO BIÓTICO,PRODUZIDO,ARQUIVO PDF,SUBPROJETO_17.5_(THIAGO_BERNARDI)_TESE-ECOLOGIA-CONSERVAÇÃO-PEQUENOS,DISTRIBUIÇÃO POTENCIAL DE ESPÉCIES; GAP ANALYSIS; ÁREAS PRIORITÁRIAS; PEQUENOS MAMÍFEROS; AMAZÔNIA BRASILEIRA,,,,,,,,,,,,,,,
TCCE 1/2018,SUBPROJETO 17.5,"LETÍCIA LIMA CORREIA, RAFAELA JEMELY RODRIGUES ALEXANDRE, SIMONE ALMEIDA PENA, ARIANE DE SOUSA BRASIL, LUDMILLA MOURA DE SOUZA AGUIAR, PAULO DE MARCO JÚNIOR, ALBERT DAVID DITCHFIEL, THIAGO BERNARDI VIEIRA",ALGUNS MORCEGOS ESTÃO AQUI: REDUZINDO A ESCASSEZ WALLACEANA DE MORCEGOS NA AMAZÔNIA,11/2023,PUBLICAÇÃO CIENTÍFICA (TRABALHOS ACADÊMICOS),MEIO BIÓTICO,PRODUZIDO,ARQUIVO PDF,SUBPROJETO_17.5_(THIAGO_BERNARDI)_RESUMO_ALGUNS-MORCEGOS-ESTÃO-AQUI,MORCEGOS; WALLACEANA; EDITAL; FERRUGNOSAS,,,,,,,,,,,,,,,
TCCE 1/2018,SUBPROJETO 17.5,"ARIANE DE SOUSA BRASIL, LETÍCIA LIMA CORREIA, ERICK SABOIA, THIAGO BERNARDI VIEIRA",ÁREAS PRIORITÁRIAS PARA A CONSERVAÇÃO DE MORCEGOS NO BRASIL,11/2023,PUBLICAÇÃO CIENTÍFICA (TRABALHOS ACADÊMICOS),MEIO BIÓTICO,PRODUZIDO,ARQUIVO PDF,SUBPROJETO_17.5_(THIAGO_BERNARDI)_RESUMO_ÁREA-PRIORITÁRIA-CONSERVAÇÃO,ÁREAS PRIORITÁRIAS; MORCEGOS; CONSERVAÇÃO; EDITAL; FERRUGINOSAS,,,,,,,,,,,,,,,
TCCE 1/2018,SUBPROJETO 17.6,"MICHELINE CARVALHO SILVA, MARIA EDUARDA ALVES NUNES",MARCHANTIOPHYTA DAS CAVERNAS FERRUGINOSAS NO QUADRILÁTERO FERRÍFERO EM MINAS GERAIS,01/2024,PUBLICAÇÃO CIENTÍFICA (TRABALHOS ACADÊMICOS),MEIO BIÓTICO,PUBLICADO,ARQUIVO PDF,SUBPROJETO_17.6_(MICHELINE_SILVA)_RESUMO-1,BIODIVERSIDADE; BIOFLORA; ENDEMISMO; HEPÁTICA; LEVANTAMENTO DA FLORA; EDITAL; FERRUGINOSAS,,,,,,,,,,,,,,,
TCCE 1/2018,SUBPROJETO 17.6,"ANNA CECILIA BATISTA MAIA, MICHELINE CARVALHO SILVA","FLORA PTERIDÓFITICA DE CAVERNAS FERRUGINOSAS DO QUADRILATERO FERRÍFERO, MINAS GERAIS, BRASIL",01/2024,PUBLICAÇÃO CIENTÍFICA (TRABALHOS ACADÊMICOS),MEIO BIÓTICO,PUBLICADO,ARQUIVO PDF,SUBPROJETO_17.6_(MICHELINE_SILVA)_RESUMO-2,CERRADO; FLORA CAVERNÍCOLA; LICÓFITAS; SAMAMBAIAS; EDITAL; FERRUGINOSAS,,,,,,,,,,,,,,,
TCCE 1/2018,SUBPROJETO 17.6,"CAMILA DE OLIVEIRA CASTRO, MICHELINE CARVALHO SILVA, MARINA VENDRAMINI RODRIGUES PEREIRA, PAULO EDUARDO AGUIAR SARAIVA CÂMARA","MUSGOS EM CAVERNAS FERRÍFERAS: UM LEVANTAMENTO EM MINAS GERAIS, BRASIL",07/2023,PUBLICAÇÃO CIENTÍFICA (TRABALHOS ACADÊMICOS),MEIO BIÓTICO,PUBLICADO,ARQUIVO PDF,SUBPROJETO_17.6_(MICHELINE_SILVA)_RESUMO-3,BRIÓFITAS; QUADRILÁTERO FERRÍFERO; CANGA; EDITAL; FERRUGINOSAS,,,,,,,,,,,,,,,
TCCE 1/2018,SUBPROJETO 17.6,"MICHELINE CARVALHO SILVA, MARIA EDUARDA ALVES NUNES",MARCHANTIOPHYTA DAS CAVERNAS FERRUGINOSAS NO QUADRILÁTERO FERRÍFERO EM MINAS GERAIS,07/2023,PUBLICAÇÃO CIENTÍFICA (TRABALHOS ACADÊMICOS),MEIO BIÓTICO,PUBLICADO,ARQUIVO PDF,SUBPROJETO_17.6_(MICHELINE_SILVA)_RESUMO-4,BIODIVERSIDADE; HEPÁTICAS; ENDEMISMO; EDITAL; FERRUGINOSAS,,,,,,,,,,,,,,,
TCCE 1/2018,SUBPROJETO 17.6,CAMILA DE OLIVEIRA CASTRO,PARA ALÉM DAS CAVERNAS: REVELANDO E AMPLIANDO O CONHECIMENTO SOBRE OS MUSGOS (CRYOPHYTA) DE ECOSSISTEMAS CAVERNÍCOLAS,04/2025,PUBLICAÇÃO CIENTÍFICA (TRABALHOS ACADÊMICOS),MEIO BIÓTICO,PRODUZIDO,ARQUIVO PDF,SUBPROJETO_17.6_(MICHELINE_SILVA)_DISSERTAÇÃO_PARA-ALÉM-DAS-CAVERNAS,QUADRILÁTERO FERRÍFERO; CAVERNAS; BRIÓFITAS; MUSGOS; MINAS GERAIS; EDITAL FERRUGINOSAS,,,,,,,,,,,,,,,
TCCE 1/2018,SUBPROJETO 17.7,"BEATRIZ MARCELINO DOS SANTOS, CELINE CECÍLIA ALEXANDRE DA SILVA, MARIA FERNANDA TAVARES DE ARAÚJO, GISELE OLIVEIRA SILVA, MILENA MELO DE  LIMA, ELAINE MALOSSO","FUNGOS CONIDIAIS EM FOLHEDO DE AMBIENTE CAVERNÍCOLA DA FLORESTA NACIONAL SERRA DOS CARAJÁS, PARÁ, BRASIL",01/2024,PUBLICAÇÃO CIENTÍFICA (TRABALHOS ACADÊMICOS),MEIO BIÓTICO,PUBLICADO,ARQUIVO PDF,SUBPROJETO_17.7_(CRISTINA_MOTTA)_RESUMO-1,MICOLOGIA; MICOBIOTA; FUNGOS CAVERNÍCOLAS; EDITAL; FERRUGINOSAS,,,,,,,,,,,,,,,
TCCE 1/2018,SUBPROJETO 17.7,BEATRIZ MARCELINO DOS SANTOS,"FUNGOS CONIDIAIS EM FOLHEDO DE AMBIENTE CAVERNÍCOLA DA FLORESTA NACIONAL SERRA DOS CARAJÁS, PARÁ, BRASIL",09/2023,PUBLICAÇÃO CIENTÍFICA (TRABALHOS ACADÊMICOS),MEIO BIÓTICO,PRODUZIDO,ARQUIVO PDF,SUBPROJETO_17.7_(CRISTINA_MOTTA)_DISSERTAÇÃO-1,ASCOMICETOS ASSEXUAIS; BIODIVERSIDADE; CAVERNAS; EDITAL; FERRUGINOSAS,,,,,,,,,,,,,,,
TCCE 1/2018,SUBPROJETO 17.7,JORDANE PIMENTEL NÓBREGA,"MICOBIOTA DO SEDIMENTO DA CAVERNA VALE DA LUA, FLONA CARAJÁS-PA",12/2024,PUBLICAÇÃO CIENTÍFICA (TRABALHOS ACADÊMICOS),MEIO BIÓTICO,PRODUZIDO,ARQUIVO PDF,SUBPROJETO_17.7_(CRISTINA_MOTTA)_DISSERTAÇÃO-2,CAVIDADES NATURAIS; FUNGOS EM CAVERNAS; FLORESTA TROPICAL; EDITAL; FERRUGINOSAS,,,,,,,,,,,,,,,
TCCE 1/2018,SUBPROJETO 17.7,"PEDRO GABRIEL LOPES DA SILVA, VICTORIA BONFIM BARROS, PEDRO HENRIQUE FÉLIX DE OLIVEIRA, JOENNY MARIA DA SILVEIRA DE LIMA, CRISTINA MARIA DE SOUZA MOTTA, JADSON DIOGO PEREIRA BEZERRA, JOSÉ FREDSON DA SILVA ALVES DOS PRAZERES","FUNGOS DO AR DA CAVERNA FERRUGINOSA JANELA VERDE, FLONA DE CARAJÁS (AMAZÔNIA)",11/2023,PUBLICAÇÃO CIENTÍFICA (TRABALHOS ACADÊMICOS),MEIO BIÓTICO,PUBLICADO,ARQUIVO PDF,SUBPROJETO_17.7_(CRISTINA_MOTTA)_RESUMO-2,MICOLOGIA; MICOBIOTA; FUNGOS CAVERNÍCOLAS; EDITAL; FERRUGINOSAS,,,,,,,,,,,,,,,
TCCE 1/2018,SUBPROJETO 17.7,JULIA RANDOW CAVALCANTI,EXPLORANDO A CAVERNA VALE DA LUA E SUA COMPLEXA DIVERSIDADE FÚNGICA,03/2025,PUBLICAÇÃO CIENTÍFICA (TRABALHOS ACADÊMICOS),MEIO BIÓTICO,PRODUZIDO,ARQUIVO PDF,SUBPROJETO_17.7_(CRISTINA_MOTTA)_TCC_JULIA-RANDOW,MICOBIOTA; ECOSSISTEMAS SUBTERRÂNEOS; ASCOMYCOTA; PENICILLIUM; EDITAL; FERRUGINOSAS,,,,,,,,,,,,,,,
TCCE 1/2018,SUBPROJETO 17.7,MAIARA BEATRIZ MENDES DA SILVA,PRODUÇÃO ENZIMÁTICA DE FUNGOS ANEMÓFILOS EM UMA BAT CAVE NA FLONA CARAJÁS-PA,04/2024,PUBLICAÇÃO CIENTÍFICA (TRABALHOS ACADÊMICOS),MEIO BIÓTICO,PRODUZIDO,ARQUIVO PDF,SUBPROJETO_17.7_(CRISTINA_MOTTA)_TCC_MAIARA-BEATRIZ-SILVA,AMAZÔNIA; CAVERNA; ENZIMAS; FUNGOS ANEMÓFILOS; EDITAL; FERRUGINOSAS,,,,,,,,,,,,,,,
TCCE 1/2018,SUBPROJETO 17.7,"JORDANE PIMENTEL NÓBREGA, RENAN DO NASCIMENTO BARBOSA, JOENNY MARIA DA SILVEIRA DE LIMA, DIEGO DE MEDEIROS BENTO, CRISTINA MARIA DE SOUZA MOTTA, ROGER FAGNER RIBEIRO MELLO","SIX NEW PENICILLIUM SPECIES IN THE SECTION LANATA-DIVARICATA FROM A CAVE IN AMAZON RAINFOREST, BRAZIL",11/2024,PUBLICAÇÃO CIENTÍFICA (ARTIGOS),MEIO BIÓTICO,PUBLICADO,ARQUIVO PDF,SUBPROJETO_17.7_(CRISTINA_MOTTA)_ARTIGO-2,MICOLOGIA; MICOBIOTA; FUNGOS CAVERNÍCOLAS; EDITAL; FERRUGINOSAS,,,,,,,,,,,,,,,
TCCE 1/2018,SUBPROJETO 17.7,"PEDRO T. S. NOGUEIRA, CRISTINA MARIA DE SOUZA MOTTA, JADSON DIOGO PEREIRA BEZERRA, OLINTO LIPARINI PEREIRA, RENATA SANTOS MOMOLI, DIEGO DE MEDEIROS BENTO, JOENNY MARIA DA SILVEIRA DE LIMA",NEW SPECIES OF HUMICOLA AND PARAHUMICOLA (CHARTOMIACEAE) FROM CAVES IN BRAZIL,07/2025,PUBLICAÇÃO CIENTÍFICA (ARTIGOS),MEIO BIÓTICO,PUBLICADO,ARQUIVO PDF,SUBPROJETO_17.7_(CRISTINA_MOTTA)_ARTIGO-1,MICOLOGIA; MICOBIOTA; FUNGOS CAVERNÍCOLAS; EDITAL; FERRUGINOSAS,,,,,,,,,,,,,,,
TCCE 1/2018,SUBPROJETO 17.7,"JORDANE PIMENTEL NÓBREGA, JULIA RANDOW CAVALCANTI, JOENNY MARIA DA SILVEIRA DE LIMA, RENAN DO NASCIMENTO BARBOSA, DIEGO DE MEDEIROS BENTO, CRISTINA MARIA DE SOUZA MOTTA","MYCOBIOTA OF A CAVE IN AMAZON RAINFOREST, BRAZIL",07/2025,PUBLICAÇÃO CIENTÍFICA (TRABALHOS ACADÊMICOS),MEIO BIÓTICO,PUBLICADO,ARQUIVO PDF,SUBPROJETO_17.7_(CRISTINA_MOTTA)_RESUMO-3,CONGRESSO INTERNACIONAL; ESPELEOLOGIA; BRASIL; VOLUME 7,https://link.springer.com/article/10.1007/s11557-024-02007-6,,,,,,,,,,,,,,
TCCE 1/2018,SUBPROJETO 17.7,"MAIARA BEATRIZ MENDES DA SILVA, VITORIA CRISTINA SANTIAGO ALVES, JOENNY MARIA DA SILVEIRA DE LIMA, RAFAELA ALVES DE LIRA, APARECIDA CLÉBIA DA SILVA, SABRINA ALVES DA SILVA, DIEGO DE MEDEIROS BENTO, CRISTINA MARIA DE SOUZA MOTTA","RICHNESS OF ANEMOPHILOUS FUNGI IN A BAT CAVE OF FLONA CARAJÁS - PA, BRAZIL",07/2025,PUBLICAÇÃO CIENTÍFICA (TRABALHOS ACADÊMICOS),MEIO BIÓTICO,PUBLICADO,ARQUIVO PDF,SUBPROJETO_17.7_(CRISTINA_MOTTA)_RESUMO-4,CONGRESSO INTERNACIONAL; ESPELEOLOGIA; BRASIL; VOLUME 6,,,,,,,,,,,,,,,
TCCE 1/2018,SUBPROJETO 17.8,"THIAGO OLIVEIRA CONDÉ, ANA FLÁVIA LEÃO, FÁBIO ALEX CUSTÓDIO, JADSON DIOGO PEREIRA BEZERRA, MARIA CATARINA MEGUMI KASUYA, SORAYA DE CARVALHO NEVES, LÚCIO MAURO DOARES FRAGA, RENATA SANTOS MOMOLI, CRISTINA MARIA DE SOUZA MOTTA, OLINTO LIPARINI PEREIRA","FUNGOS CAVERNÍCOLAS: UM TESOURO SUBTERRÂNEO POUCO EXPLORADO. Bol. Micob., Rio de Janeiro, RJ, v.3, n.2 p.1-34, abr - jun 2023 ",06/2023,MATERIAL EDUCATIVO (CARTILHA),MEIO BIÓTICO,PUBLICADO,ARQUIVO PDF,SUBPROJETO_17.8_(OLINTO_LIPARINI)_BOLETIM_FUNGOS_CAVERNÍCOLAS,BOLETIM; MICOBIOTA; FUNGOS CAVERNÍCOLAS; EDITAL; FERRUGINOSAS,,,,,,,,,,,,,,,
TCCE 1/2018,SUBPROJETO 17.8,"ANA FLÁVIA LEÃO, THIAGO OLIVEIRA CONDÉ, FÁBIO ALEX CUSTÓDIO, SORAYA DE CARVALHO NEVES, LUCIO MAURO FRAGA, OLINTO LIPARINI PEREIRA",SERRA DA FERRUGEM: THE TREASURE BEYOND IRON ORE,10/2022,PUBLICAÇÃO CIENTÍFICA (TRABALHOS ACADÊMICOS),MEIO BIÓTICO,PUBLICADO,ARQUIVO PDF,SUBPROJETO_17.8_(OLINTO_LIPARINI)_RESUMO-1,MICOLOGIA; MICOBIOTA; FUNGOS CAVERNÍCOLAS; EDITAL; FERRUGINOSAS,,,,,,,,,,,,,,,
TCCE 1/2018,SUBPROJETO 17.8,"ANA FLÁVIA LEÃO, THIAGO OLIVEIRA CONDÉ, FÁBIO ALEX CUSTÓDIO, OLINTO LIPARINI PEREIRA, JAQUELINE APARECIDA DE OLIVEIRA","ROOT ENDOPHYTIC FUNGI FROM FERRUGINOUS CAVES IN SERRA DA FERRUGEM, MINAS GERAIS, BRAZIL",11/2023,PUBLICAÇÃO CIENTÍFICA (TRABALHOS ACADÊMICOS),MEIO BIÓTICO,PUBLICADO,ARQUIVO PDF,SUBPROJETO_17.8_(OLINTO_LIPARINI)_RESUMO-2,MICOLOGIA; MICOBIOTA; FUNGOS CAVERNÍCOLAS; EDITAL; FERRUGINOSAS,,,,,,,,,,,,,,,
TCCE 1/2018,SUBPROJETO 17.8,"ANA FLÁVIA LEÃO, FÁBIO ALEX CUSTÓDIO, THIAGO OLIVEIRA CONDÉ, SORAYA DE CARVALHO NEVES, LÚCIO MAURO DOARES FRAGA, OLINTO LIPARINI PEREIRA",FUNGOS DA SERRAPILHEIRA NA SERRA DO ESPINHAÇO MERIDIONAL,12/2023,PUBLICAÇÃO CIENTÍFICA (TRABALHOS ACADÊMICOS),MEIO BIÓTICO,PUBLICADO,ARQUIVO PDF,SUBPROJETO_17.8_(OLINTO_LIPARINI)_RESUMO-3,MICOLOGIA; MICOBIOTA; FUNGOS CAVERNÍCOLAS; EDITAL; FERRUGINOSAS,,,,,,,,,,,,,,,
TCCE 1/2018,SUBPROJETO 17.8,"JAQUELINE APARECIDA DE OLIVEIRA, ANA FLÁVIA LEÃO, THIAGO OLIVEIRA CONDÉ, FÁBIO ALEX CUSTÓDIO, OLINTO LIPARINI PEREIRA","FERRUGINOUS CAVES FROM MINAS GERAIS ARE SHELTERS OF NEW TALAROMYCES SPECIES (EUROTIALES, TRICHOCOMACEAE)",02/2024,PUBLICAÇÃO CIENTÍFICA (TRABALHOS ACADÊMICOS),MEIO BIÓTICO,PUBLICADO,ARQUIVO PDF,SUBPROJETO_17.8_(OLINTO_LIPARINI)_RESUMO-4,MICOLOGIA; MICOBIOTA; FUNGOS CAVERNÍCOLAS; EDITAL; FERRUGINOSAS,,,,,,,,,,,,,,,
TCCE 1/2018,SUBPROJETO 17.8,"ANA FLÁVIA LEÃO, THIAGO OLIVEIRA CONDÉ, FÁBIO ALEX CUSTÓDIO, OLINTO LIPARINI PEREIRA",DISCOVERING A NEW CHAETOMIACEAE TREASURE IN FERRUGINOUS CAVES FROM THE SOUTHERN ESPINHAÇO MOUNTAIN RAGE,02/2024,PUBLICAÇÃO CIENTÍFICA (TRABALHOS ACADÊMICOS),MEIO BIÓTICO,PUBLICADO,ARQUIVO PDF,SUBPROJETO_17.8_(OLINTO_LIPARINI)_RESUMO-5,MICOLOGIA; MICOBIOTA; FUNGOS CAVERNÍCOLAS; EDITAL; FERRUGINOSAS,,,,,,,,,,,,,,,
TCCE 1/2018,SUBPROJETO 17.8,"ANA FLÁVIA LEÃO, THIAGO OLIVEIRA CONDÉ, FÁBIO ALEX CUSTÓDIO, OLINTO LIPARINI PEREIRA","THE CLADOSPORIUM GENUS FROM THE MONUMENTO NATURAL DA SERRA DA FERRUGEM, MINAS GERAIS",02/2024,PUBLICAÇÃO CIENTÍFICA (TRABALHOS ACADÊMICOS),MEIO BIÓTICO,PUBLICADO,ARQUIVO PDF,SUBPROJETO_17.8_(OLINTO_LIPARINI)_RESUMO-6,MICOLOGIA; MICOBIOTA; FUNGOS CAVERNÍCOLAS; EDITAL; FERRUGINOSAS,,,,,,,,,,,,,,,
TCCE 1/2018,SUBPROJETO 17.8,"FÁBIO ALEX CUSTÓDIO, ANA FLÁVIA LEÃO, THIAGO OLIVEIRA CONDÉ, OLINTO LIPARINI PEREIRA",RICHES OF SERRA DA FERRUGEM: FROM IRON MINERAL TO NEW SPECIES OF HYPOCREALES CAVE FUNGI,02/2024,PUBLICAÇÃO CIENTÍFICA (TRABALHOS ACADÊMICOS),MEIO BIÓTICO,PUBLICADO,ARQUIVO PDF,SUBPROJETO_17.8_(OLINTO_LIPARINI)_RESUMO-7,MICOLOGIA; MICOBIOTA; FUNGOS CAVERNÍCOLAS; EDITAL; FERRUGINOSAS,,,,,,,,,,,,,,,
TCCE 1/2018,SUBPROJETO 17.8,"SIMONE ALBINO PAES, ANA FLÁVIA LEÃO, THIAGO OLIVEIRA CONDÉ, FÁBIO ALEX CUSTÓDIO, OLINTO LIPARINI PEREIRA","IDENTIFYING FUNGAL SPECIES IN BRAZILIAN CAVES: BIPOLARIS CAN CURVULARIA IN THE MONUMENTO NATURAL DA SERRA DA FERRUGEM, MINAS GERAIS",02/2024,PUBLICAÇÃO CIENTÍFICA (TRABALHOS ACADÊMICOS),MEIO BIÓTICO,PUBLICADO,ARQUIVO PDF,SUBPROJETO_17.8_(OLINTO_LIPARINI)_RESUMO-8,MICOLOGIA; MICOBIOTA; FUNGOS CAVERNÍCOLAS; EDITAL; FERRUGINOSAS,,,,,,,,,,,,,,,
TCCE 1/2018,SUBPROJETO 17.8,"SIMONE ALBINO PAES, ANA FLÁVIA LEÃO, THIAGO OLIVEIRA CONDÉ, FÁBIO ALEX CUSTÓDIO, OLINTO LIPARINI PEREIRA","A PROBABLE NEW SPECIE OF YEAST-LIKE HYPHOPICHIA FROM THE MONUMENTO NATURAL DA SERRA DA FERRUGEM, MINAS GERAIS",02/2024,PUBLICAÇÃO CIENTÍFICA (TRABALHOS ACADÊMICOS),MEIO BIÓTICO,PUBLICADO,ARQUIVO PDF,SUBPROJETO_17.8_(OLINTO_LIPARINI)_RESUMO-9,MICOLOGIA; MICOBIOTA; FUNGOS CAVERNÍCOLAS; EDITAL; FERRUGINOSAS,,,,,,,,,,,,,,,
TCCE 1/2018,SUBPROJETO 17.8,"THIAGO OLIVEIRA CONDÉ, ANA FLÁVIA LEÃO, FÁBIO ALEX CUSTÓDIO, OLINTO LIPARINI PEREIRA","IRON CAVES PROVIDE SHELTER FOR XYLARIALES AND VERMICULARIOSIELLALES (SORDARIOMYCETES, ASCOMYCOTA) FUNGI IN THE MONUMENTO NATURAL DA SERRA DA FERRUGEM, MINAS GERAIS",02/2024,PUBLICAÇÃO CIENTÍFICA (TRABALHOS ACADÊMICOS),MEIO BIÓTICO,PUBLICADO,ARQUIVO PDF,SUBPROJETO_17.8_(OLINTO_LIPARINI)_RESUMO-10,MICOLOGIA; MICOBIOTA; FUNGOS CAVERNÍCOLAS; EDITAL; FERRUGINOSAS,,,,,,,,,,,,,,,
TCCE 1/2018,SUBPROJETO 17.8,"JOÃO PEDRO SANTIAGO GOULART, ANA FLÁVIA LEÃO, THIAGO OLIVEIRA CONDÉ, FÁBIO ALEX CUSTÓDIO, OLINTO LIPARINI PEREIRA",UMA POSSÍVEL ESPÉCIE NOVA DE PAECILOMYCES DE CAVERNAS FERRUGINOSA DE MINAS GERAIS,02/2024,PUBLICAÇÃO CIENTÍFICA (TRABALHOS ACADÊMICOS),MEIO BIÓTICO,PUBLICADO,ARQUIVO PDF,SUBPROJETO_17.8_(OLINTO_LIPARINI)_RESUMO-11,MICOLOGIA; MICOBIOTA; FUNGOS CAVERNÍCOLAS; EDITAL; FERRUGINOSAS,,,,,,,,,,,,,,,
TCCE 1/2018,SUBPROJETO 17.8,"ANA FLÁVIA LEÃO, THIAGO OLIVEIRA CONDÉ, FÁBIO ALEX CUSTÓDIO, OLINTO LIPARINI PEREIRA","MOLECULAR PHYLOGENETIC ANALYSIS REVEAL TWO NEW FUNGAL SPECIES BELONGING TO THE ORDER HYPOCREALES FROM CAVES IN THE SERRA DA FERRUGEM NATURAL MONUMENT, MINAS GERAIS",04/2024,PUBLICAÇÃO CIENTÍFICA (TRABALHOS ACADÊMICOS),MEIO BIÓTICO,PUBLICADO,ARQUIVO PDF,SUBPROJETO_17.8_(OLINTO_LIPARINI)_RESUMO-12,MICOLOGIA; MICOBIOTA; FUNGOS CAVERNÍCOLAS; EDITAL; FERRUGINOSAS,,,,,,,,,,,,,,,
TCCE 1/2018,SUBPROJETO 17.8,"THIAGO OLIVEIRA CONDÉ, ANA FLÁVIA LEÃO, FÁBIO ALEX CUSTÓDIO, OLINTO LIPARINI PEREIRA",ASPERGILLUS AND PENICILLIUM FROM QUARTZITE AND FERRUGINOUS CAVES IN MINAS GERAIS,07/2025,PUBLICAÇÃO CIENTÍFICA (TRABALHOS ACADÊMICOS),MEIO BIÓTICO,PUBLICADO,ARQUIVO PDF,SUBPROJETO_17.8_(OLINTO_LIPARINI)_RESUMO-13,MICOLOGIA; MICOBIOTA; FUNGOS CAVERNÍCOLAS; EDITAL; FERRUGINOSAS,,,,,,,,,,,,,,,
TCCE 1/2022,SUBPROJETO 1,"KLEBER MAKOTO MISE, GILSON BURIGO GUIMARÃES",ANAIS 37º CONGRESSO BRASILEIRO DE ESPELEOLOGIA,07/2023,PUBLICAÇÃO CIENTÍFICA (TRABALHOS ACADÊMICOS),OUTROS,PUBLICADO,ARQUIVO PDF,SUBPROJETO_1_(GISELE_SESSEGOLO)_ANAIS-37CBE,CONGRESSO; ESPELEOLOGIA; BRASIL,,,,,,,,,,,,,,,
TCCE 1/2022,SUBPROJETO 3,"RODRIGO LOPES FERREIRA, ALLAN SILAS CALUX","HISTORY OF SPELEOLOGY, ARTS AND LETTERS; CAVE ARCHAELOGY; CAVE PALEONTOLOGY; CAVE MINERALOGY AND SEDIMENTS; GEOCHRONOLOGY, PALEOCLIMATOLOGY, AND CLIMATE CHANGE",07/2025,PUBLICAÇÃO CIENTÍFICA (TRABALHOS ACADÊMICOS),OUTROS,PUBLICADO,ARQUIVO PDF,SUBPROJETO_3_(ALLAN_CALUX)_ANAIS_19CIE-VOL1,CONGRESSO INTERNACIONAL; ESPELEOLOGIA; BRASIL,,,,,,,,,,,,,,,
TCCE 1/2022,SUBPROJETO 3,"RODRIGO LOPES FERREIRA, ALLAN SILAS CALUX",KARST GEOMORPHOLOGY; KARST HYDROGEOLOGY AND SPELEOGENESIS,07/2025,PUBLICAÇÃO CIENTÍFICA (TRABALHOS ACADÊMICOS),MEIO FÍSICO,PUBLICADO,ARQUIVO PDF,SUBPROJETO_3_(ALLAN_CALUX)_ANAIS_19CIE-VOL2,CONGRESSO INTERNACIONAL; ESPELEOLOGIA; BRASIL,,,,,,,,,,,,,,,
TCCE 1/2022,SUBPROJETO 3,"RODRIGO LOPES FERREIRA, ALLAN SILAS CALUX",CAVE AND KARST PROTECTION AND MANAGEMENT,07/2025,PUBLICAÇÃO CIENTÍFICA (TRABALHOS ACADÊMICOS),OUTROS,PUBLICADO,ARQUIVO PDF,SUBPROJETO_3_(ALLAN_CALUX)_ANAIS_19CIE-VOL3,CONGRESSO INTERNACIONAL; ESPELEOLOGIA; BRASIL,,,,,,,,,,,,,,,
TCCE 1/2022,SUBPROJETO 3,"RODRIGO LOPES FERREIRA, ALLAN SILAS CALUX","EXPLORATION, SPELEOLOGICAL TECHNIQUES, AND MATERIALS; CAVE RESCUE: KARST GEOMORPHOLOGY",07/2025,PUBLICAÇÃO CIENTÍFICA (TRABALHOS ACADÊMICOS),OUTROS,PUBLICADO,ARQUIVO PDF,SUBPROJETO_3_(ALLAN_CALUX)_ANAIS_19CIE-VOL4,CONGRESSO INTERNACIONAL; ESPELEOLOGIA; BRASIL,,,,,,,,,,,,,,,
TCCE 1/2022,SUBPROJETO 3,"RODRIGO LOPES FERREIRA, ALLAN SILAS CALUX",ARTIFICIAL CAVES; PSEUDOKARST AND NON-TRADITIONAL KARST; VOLCANIC CAVES; CLIMATOLOGY AND MONITORING; SPECIAL TOPICS,07/2025,PUBLICAÇÃO CIENTÍFICA (TRABALHOS ACADÊMICOS),OUTROS,PUBLICADO,ARQUIVO PDF,SUBPROJETO_3_(ALLAN_CALUX)_ANAIS_19CIE-VOL5,CONGRESSO INTERNACIONAL; ESPELEOLOGIA; BRASIL,,,,,,,,,,,,,,,
TCCE 1/2022,SUBPROJETO 3,"RODRIGO LOPES FERREIRA, ALLAN SILAS CALUX",SUBTERRANEAN BIOLOGY (PART I),07/2025,PUBLICAÇÃO CIENTÍFICA (TRABALHOS ACADÊMICOS),MEIO BIÓTICO,PUBLICADO,ARQUIVO PDF,SUBPROJETO_3_(ALLAN_CALUX)_ANAIS_19CIE-VOL6,CONGRESSO INTERNACIONAL; ESPELEOLOGIA; BRASIL,,,,,,,,,,,,,,,
TCCE 1/2022,SUBPROJETO 3,"RODRIGO LOPES FERREIRA, ALLAN SILAS CALUX",SUBTERRANEAN BIOLOGY (PART II),07/2025,PUBLICAÇÃO CIENTÍFICA (TRABALHOS ACADÊMICOS),MEIO BIÓTICO,PUBLICADO,ARQUIVO PDF,SUBPROJETO_3_(ALLAN_CALUX)_ANAIS_19CIE-VOL7,CONGRESSO INTERNACIONAL; ESPELEOLOGIA; BRASIL,,,,,,,,,,,,,,,
TCCE 1/2022,SUBPROJETO 6,"MAURÍCIO CARLOS MARTINS DE ANDRADE, ÍTALO MOREIRA MARTINS, IVAN BRAGA CAMPOS, TIAGO CASTRO SILVA",PADRÕES ACÚSTICOS SAZONAIS DA GRUTA DO PALMITO (MG) E SEU ENTRONO,07/2025,PUBLICAÇÃO CIENTÍFICA (TRABALHOS ACADÊMICOS),MEIO FÍSICO,PUBLICADO,ARQUIVO PDF,SUBPROJETO_6_(IVAN_BRAGA)_RESUMO-VOL7_PADRÕES_ACÚSTICOS,CONGRESSO INTERNACIONAL; ESPELEOLOGIA; BRASIL; VOLUME 7,,,,,,,,,,,,,,,
TCCE 1/2022,SUBPROJETO 8,"RAPHAEL PARRA, RICARDO GALENO FRAGA DE ARAÚJO PEREIRA, LEONARDO FORTES VIEIRA, RUBSON PINHEIRO MAIA","SILICICLASTIC CAVE OR DIAMOND MINE? THE CASE OF CANAL DA FUMAÇA, IGATU VILLAGE, CHAPADA DIAMANTINA - BAHIA, BRAZIL",07/2025,PUBLICAÇÃO CIENTÍFICA (TRABALHOS ACADÊMICOS),MEIO FÍSICO,PUBLICADO,ARQUIVO PDF,SUBPROJETO_8_(RICARDO_FRAGA)_RESUMO-SILICICLASTIC-CAVE-OR-DIAMOND-MINE,CONGRESSO INTERNACIONAL; ESPELEOLOGIA; BRASIL; VOLUME 5,,,,,,,,,,,,,,,
TCCE 1/2022,SUBPROJETO 8,RAPHAEL PARRA,"CARSTE EM ROCHAS SILICICLÁSTICA NA CHAPADA DIAMANTINA: GEOESPELEOLOGIA DA GRUTA DO CANAL DA FUMAÇA, VILA DE IGATU, ANDARAÍ",07/2024,PUBLICAÇÃO CIENTÍFICA (TRABALHOS ACADÊMICOS),MEIO FÍSICO,PRODUZIDO,ARQUIVO PDF,SUBPROJETO_8_(RICARDO_FRAGA)_DISSERTAÇÃO-SILICICLASTIC-CAVE-OR-DIAMOND-MINE,CAVERNAS; METARENITOS; SERRA DO SINCORÁ,,,,,,,,,,,,,,,
TCCE 1/2022,SUBPROJETO 8,"RAPHAEL PARRA, RICARDO GALENO FRAGA DE ARAÚJO PEREIRA, LEONARDO FORTES VIEIRA, RUBSON PINHEIRO MAIA","SILICICLASTIC CAVE OR DIAMOND MINE? MULTIAPPROACH INVESTIGATION IN IGATU VILLAGE, CHAPADA DIAMANTINA, NORTHEASTERN BRAZIL",05/2025,PUBLICAÇÃO CIENTÍFICA (ARTIGOS),MEIO FÍSICO,PUBLICADO,ARQUIVO PDF,SUBPROJETO_8_(RICARDO_FRAGA)_ARTIGO-SILICICLASTIC-CAVE-OR-DIAMOND-MINE,CARSTE SILICISLÁSTICO; ESPELEOGENESE ; FORMAÇÃO TOMBADOR; CAVERNA ,,,,,,,,,,,,,,,
TCCE 1/2022,SUBPROJETO 9,LEDA ZOGBI,LIVRO - LUZES NA ESCURIDÃO - VOLUME 3,06/2024,LIVROS,OUTROS,PUBLICADO,LINK WEB PAGE,https://luzesnaescuridao.com.br/v3/loja-store-boutique-backup/,ESPELEOFOTOGRAFIA; FOTOGRAFIA; LUZES; ESCURIDÃO,,,,,,,,,,,,,,,
TCCE 1/2022,SUBPROJETO 9,LEDA ZOGBI,LUZES NA ESCURIDÃO - VOLUME 3 (MAKING OF DANIEL MENIN),04/2024,VÍDEOS,OUTROS,PUBLICADO,LINK WEB PAGE,https://www.youtube.com/watch?v=HuMEI0kRicI,ESPELEOFOTOGRAFIA; FOTOGRAFIA; LUZES; ESCURIDÃO,,,,,,,,,,,,,,,
TCCE 1/2022,SUBPROJETO 9,LEDA ZOGBI,LUZES NA ESCURIDÃO - VOLUME 3 (MAKING OF CSABA EGRI),04/2024,VÍDEOS,OUTROS,PUBLICADO,LINK WEB PAGE,https://www.youtube.com/watch?v=x1xNAf3qolE,ESPELEOFOTOGRAFIA; FOTOGRAFIA; LUZES; ESCURIDÃO,,,,,,,,,,,,,,,
TCCE 1/2022,SUBPROJETO 9,LEDA ZOGBI,LUZES NA ESCURIDÃO - VOLUME 3 (MAKING OF KEVIN DOWNEY),04/2024,VÍDEOS,OUTROS,PUBLICADO,LINK WEB PAGE,https://www.youtube.com/watch?v=B0heI7S-SDM,ESPELEOFOTOGRAFIA; FOTOGRAFIA; LUZES; ESCURIDÃO,,,,,,,,,,,,,,,
TCCE 1/2022,SUBPROJETO 9,LEDA ZOGBI,LUZES NA ESCURIDÃO - VOLUME 3 (MAKING OF RICARDO MARTINELLI),04/2024,VÍDEOS,OUTROS,PUBLICADO,LINK WEB PAGE,https://www.youtube.com/watch?v=DBudchqptX4,ESPELEOFOTOGRAFIA; FOTOGRAFIA; LUZES; ESCURIDÃO,,,,,,,,,,,,,,,
TCCE 1/2022,SUBPROJETO 9,LEDA ZOGBI,LUZES NA ESCURIDÃO - VOLUME 3 (MAKING OF PHILLIPE CROCHET),04/2024,VÍDEOS,OUTROS,PUBLICADO,LINK WEB PAGE,https://www.youtube.com/watch?v=Ww6z8BM1HbM,ESPELEOFOTOGRAFIA; FOTOGRAFIA; LUZES; ESCURIDÃO,,,,,,,,,,,,,,,
TCCE 1/2022,SUBPROJETO 9,LEDA ZOGBI,LUZES NA ESCURIDÃO - VOLUME 3 (MAKING OF ATALIBA COELHO),04/2024,VÍDEOS,OUTROS,PUBLICADO,LINK WEB PAGE,https://www.youtube.com/watch?v=MMPiSUUc3bQ,ESPELEOFOTOGRAFIA; FOTOGRAFIA; LUZES; ESCURIDÃO,,,,,,,,,,,,,,,
TCCE 1/2022,SUBPROJETO 9,LEDA ZOGBI,LUZES NA ESCURIDÃO - VOLUME 3 (MAKING OF MIRJAM WIDMER),04/2024,VÍDEOS,OUTROS,PUBLICADO,LINK WEB PAGE,https://www.youtube.com/watch?v=DxvljCq5zic,ESPELEOFOTOGRAFIA; FOTOGRAFIA; LUZES; ESCURIDÃO,,,,,,,,,,,,,,,
TCCE 1/2022,SUBPROJETO 9,LEDA ZOGBI,LUZES NA ESCURIDÃO - VOLUME 3 (MAKING OF VICTOR FERRER),04/2024,VÍDEOS,OUTROS,PUBLICADO,LINK WEB PAGE,https://www.youtube.com/watch?v=EiOKchOmRzs,ESPELEOFOTOGRAFIA; FOTOGRAFIA; LUZES; ESCURIDÃO,,,,,,,,,,,,,,,
TCCE 1/2022,SUBPROJETO 10,"LUCAS PADOAN DE SÁ GODINHO, PAULO GALVÃO, IVO KARMANN, AUGUSTO SARREIRO AULER","KARST SPRING MONITORING AND RESPONSE TO EXTREME RAIN EVENTS: THE JOÃO RODRIGUES CAVE SYSTEM IN SÃO DESIDÉRIO, BAHIA, BRAZIL",08/2024,PUBLICAÇÃO CIENTÍFICA (TRABALHOS ACADÊMICOS),MEIO FÍSICO,PUBLICADO,ARQUIVO PDF,SUBPROJETO_10_(PAULO_GALVÃO)_RESUMO-1,NASCENTE CÁRSTICA; MONITORAMENTO DO FLUXO DE ÁGUA SUBTERRÂNEA; PRECIPITAÇÃO EXTREMA,,,,,,,,,,,,,,,
TCCE 1/2022,SUBPROJETO 10,"IVO KARMANN, DARRYL GRANGER, FERNANDO VERASSANI LAUREANO, PAULO GALVÃO, AUGUSTO SARREIRO AULER",MILLION-YEAR SCALE EVOLUTION AND CONCEPTUAL FLOW MODEL OF SANDSTONE COVERED KARST AQUIFER IN NE BRAZIL,09/2024,PUBLICAÇÃO CIENTÍFICA (TRABALHOS ACADÊMICOS),MEIO FÍSICO,PUBLICADO,ARQUIVO PDF,SUBPROJETO_10_(PAULO_GALVÃO)_RESUMO-2,HIDROLOGIA CÁRSTICA; AQUÍFERO; ESCALA EVOLUTIVA,,,,,,,,,,,,,,,
TCCE 1/2022,SUBPROJETO 10,"IVO KARMANN, DARRYL GRANGER, FERNANDO VERASSANI LAUREANO",UPLIFT MECHANISMS AND EROSIVE HISTORY OF AN INTRACONTINENTAL PLATEAU IN THE BRAZILIAN STABLE PLATFORMA INFORMED BY CAVE SEDIMENT GEOCHRONOLOGY,09/2024,PUBLICAÇÃO CIENTÍFICA (TRABALHOS ACADÊMICOS),MEIO FÍSICO,PUBLICADO,ARQUIVO PDF,SUBPROJETO_10_(PAULO_GALVÃO)_RESUMO-3,CAVERNA; GEOCRONOLOGIA; EROSÃO,,,,,,,,,,,,,,,
TCCE 1/2022,SUBPROJETO 10,"LUCAS PADOAN DE SÁ GODINHO, IVO KARMANN, DARRYL GRANGER, FERNANDO VERASSANI LAUREANO, TOM DIAS MOTTA MORITA, GABRIELA DUARTE","PLIOCENE-HOLOCENE EVOLUTION OF A CRATONIC, SANDSTONE COVERED KARST SYSTEM: NE BRAZIL",07/2025,PUBLICAÇÃO CIENTÍFICA (TRABALHOS ACADÊMICOS),MEIO FÍSICO,PUBLICADO,ARQUIVO PDF,SUBPROJETO_10_(PAULO_GALVÃO)_RESUMO-4,CONGRESSO INTERNACIONAL; ESPELEOLOGIA; BRASIL; VOLUME 2,,,,,,,,,,,,,,,
TCCE 1/2022,SUBPROJETO 12,"RAFAEL COSTA CARDOSO, RODRIGO LOPES FERREIRA",SPECIES TURNOVER OF BRYOPHYTES DRIVEN BY RARE SPECIES AND GEOMORPHOLOGY IN NEOTROPICAL SILICICLASTIC CAVES,07/2025,PUBLICAÇÃO CIENTÍFICA (TRABALHOS ACADÊMICOS),MEIO BIÓTICO,PUBLICADO,ARQUIVO PDF,SUBPROJETO_12_(TIAGO_VILAÇA)_RESUMO-1,CONGRESSO INTERNACIONAL; ESPELEOLOGIA; BRASIL; VOLUME 6,,,,,,,,,,,,,,,
TCCE 1/2022,SUBPROJETO 12,"ANA ELIZA MEDEIROS CÂNDIDO, PEDRO HENRIQUE ASSUNÇÃO, GABRIEL LOURENÇO CARVALHO DE OLIVEIRA, PAULO EDUARDO SANTOS LIMA, TIAGO VILAÇA BASTOS, LEANDRA PEIXOTO NOLASCO SELOS, MARCELO TAYLOR DE LIMA, LUCAS PEREIRA LEÃO","SISTEMA HÍDRICO DE CAVERNAS EM QUARTZITO NA SERRA DE IBITIPOCA, MINAS GERAIS, BRASIL",07/2025,PUBLICAÇÃO CIENTÍFICA (TRABALHOS ACADÊMICOS),MEIO FÍSICO,PUBLICADO,ARQUIVO PDF,SUBPROJETO_12_(TIAGO_VILAÇA)_RESUMO-2,CONGRESSO INTERNACIONAL; ESPELEOLOGIA; BRASIL; VOLUME 2,,,,,,,,,,,,,,,
TCCE 1/2022,SUBPROJETO 12,"TIAGO VILAÇA BASTOS, PAULO EDUARDO SANTOS LIMA, GABRIEL LOURENÇO CARVALHO DE OLIVEIRA, PEDRO HENRIQUE ASSUNÇÃO, ISSAC DANIEL RUDNITKI, RAFAEL OLIVEIRA SILVA",SPELEOGENESIS IN QUARTZITES IN THE SOUTHWESTERN IBITIPOCA STATE PARK,07/2025,PUBLICAÇÃO CIENTÍFICA (TRABALHOS ACADÊMICOS),MEIO FÍSICO,PUBLICADO,ARQUIVO PDF,SUBPROJETO_12_(TIAGO_VILAÇA)_RESUMO-3,CONGRESSO INTERNACIONAL; ESPELEOLOGIA; BRASIL; VOLUME 2,,,,,,,,,,,,,,,
TCCE 1/2022,SUBPROJETO 13,"CHRISSANDRO MARQUES DE ALMEIDA, CESAR ULISSES VIEIRA VERISSIMO, PAMELLA MOURA, DIEGO DE MEDEIROS BENTO","AVALIAÇÃO PARA O USO TURÍSTICO DO GEOSSÍTIO MORRO DO PENDURADO, NO PARNA UBAJARA-CE",07/2025,PUBLICAÇÃO CIENTÍFICA (TRABALHOS ACADÊMICOS),MEIO FÍSICO,PUBLICADO,ARQUIVO PDF,SUBPROJETO_13_(CESAR_VERÍSSIMO)_RESUMO-1,CONGRESSO INTERNACIONAL; ESPELEOLOGIA; BRASIL; VOLUME 3,,,,,,,,,,,,,,,
TCCE 1/2022,SUBPROJETO 13,"CHRISSANDRO MARQUES DE ALMEIDA, FRANCISCO WESLEY DA SILVA DE NOJOSA, CESAR ULISSES VIEIRA VERISSIMO, RAPHAELLE SILVA DE ALMEIDA",ESTIMATIVA PRELIMINAR DE ESTABILIDADE DE DOIS SETORES DA GRUTA DE UBAJARA,08/2025,PUBLICAÇÃO CIENTÍFICA (TRABALHOS ACADÊMICOS),MEIO FÍSICO,PUBLICADO,ARQUIVO PDF,SUBPROJETO_13_(CESAR_VERÍSSIMO)_RESUMO-2,ESTABILIDADE GEOTÉCNICA; MACIÇO ROCHOSOS; ESPELEOLOGIA ,,,,,,,,,,,,,,,
TCCE 1/2022,SUBPROJETO 14,ALEXANDRE LOBO,PERUAÇU 3D - UMA EXPERIÊNCIA VIRTUAL NAS CAVERNAS,07/2025,PUBLICAÇÃO CIENTÍFICA (TRABALHOS ACADÊMICOS),OUTROS,PUBLICADO,ARQUIVO PDF,SUBPROJETO_14_(JOCY_CRUZ)_RESUMO-1,CONGRESSO INTERNACIONAL; ESPELEOLOGIA; BRASIL; VOLUME 5,,,,,,,,,,,,,,,
TCCE 1/2022,SUBPROJETO 14,"RUBSON PINHEIRO MAIA, CAIO CAVALCANTE DA SOUZA MOTA, PEDRO EDSON FACE MOURA, ANNA SABRINA VIDAL DE SOUZA, DIEGO DE MEDEIROS BENTO, JOCY BRANDÃO CRUZ",DIGITAL MODELS OF CAVES FOR EXPLORATION IN VIRTUAL REALITY,07/2025,PUBLICAÇÃO CIENTÍFICA (TRABALHOS ACADÊMICOS),OUTROS,PUBLICADO,ARQUIVO PDF,SUBPROJETO_14_(JOCY_CRUZ)_RESUMO-2,CONGRESSO INTERNACIONAL; ESPELEOLOGIA; BRASIL; VOLUME 2,,,,,,,,,,,,,,,
TCCE 1/2022,SUBPROJETO 15,"DIEGO DE MEDEIROS BENTO, JOCY BRANDÃO CRUZ",CAVERNAS - O CARSTE POTIGUAR,07/2025,PUBLICAÇÃO CIENTÍFICA (TRABALHOS ACADÊMICOS),OUTROS,PUBLICADO,LINK WEB PAGE,https://www.gov.br/icmbio/pt-br/assuntos/centros-de-pesquisa/cavernas/publicacoes/cavernas-o-carste-potiguar/cavernas-o-carste-potiguar,CARSTE; RIO GRANDE DO NORTE; NORDESTE; BRASIL,,,,,,,,,,,,,,,
TCCE 1/2022,SUBPROJETO 17,"CRISTIANO FERNANDES FERREIRA, JOSÉ CARLOS RIBEIRO REINO","PROSPECÇÃO DE CAVERNAS A PARTIR DA DETECÇÃO SEMIAUTOMATICA DE DEPRESSÕES OBTIDAS COM MODELO DIGITAL DE ELEVAÇÃO (MDE), NA REGIÃO DA APA NASCENTES DO RIO VERMELHO - GO",07/2025,PUBLICAÇÃO CIENTÍFICA (TRABALHOS ACADÊMICOS),OUTROS,PUBLICADO,ARQUIVO PDF,SUBPROJETO_17_(CRISTIANO_FERREIRA)_RESUMO_PROSPECÇÃO_CAVERNAS,CONGRESSO INTERNACIONAL; ESPELEOLOGIA; BRASIL; VOLUME 2,,,,,,,,,,,,,,,
TCCE 1/2022,SUBPROJETO 19,"THIAGO CARVALHO, ANA ANTUNES, CAROLINE FERREIRA, LORENA SOUZA MIRANDA, RENATA SANTOS MOMOLI, JADSON DIOGO PEREIRA BEZERRA, JOSÉ FREDSON DA SILVA ALVES DOS PRAZERES, PEDRO HENRIQUE FÉLIX DE OLIVEIRA",HOW MANY FUNGI CAN YOU FIT IN A CAVE? ABUNDANCE AND RICHNESS IN A BRAZILIAN CERRADO CAVE,07/2025,PUBLICAÇÃO CIENTÍFICA (TRABALHOS ACADÊMICOS),MEIO BIÓTICO,PUBLICADO,ARQUIVO PDF,SUBPROJETO_19_(CRISTINA_MOTTA)_RESUMO-1,CONGRESSO INTERNACIONAL; ESPELEOLOGIA; BRASIL; VOLUME 7,,,,,,,,,,,,,,,
TCCE 1/2022,SUBPROJETO 19,"JOSÉ FREDSON DA SILVA ALVES DOS PRAZERES, EMILY OLIVEIRA FONSECA, LORENA SOUZA MIRANDA, RENATA SANTOS MOMOLI, CRISTINA MARIA DE SOUZA MOTTA, ANA ANTUNES, JADSON DIOGO PEREIRA BEZERRA, PEDRO HENRIQUE FÉLIX DE OLIVEIRA",CHARACTERISATION AND ECOLOGICAL INSIGHTS INTO THE SOIL/SEDIMENT MYCODIVERSITY OF THE GRUTA DO PENHASCO CAVE IN THE BRAZILIAN SAVANNAH,07/2025,PUBLICAÇÃO CIENTÍFICA (TRABALHOS ACADÊMICOS),MEIO BIÓTICO,PUBLICADO,ARQUIVO PDF,SUBPROJETO_19_(CRISTINA_MOTTA)_RESUMO-2,CONGRESSO INTERNACIONAL; ESPELEOLOGIA; BRASIL; VOLUME 7,,,,,,,,,,,,,,,
TCCE 1/2022,SUBPROJETO 19,"EMILY OLIVEIRA FONSECA, CAROLINE FERREIRA LIMA, JOSÉ FREDSON DA SILVA ALVES DOS PRAZERES, PEDRO HENRIQUE FÉLIX DE OLIVEIRA, LORENA SOUZA MIRANDA, RENATA SANTOS MOMOLI, CRISTINA MARIA DE SOUZA MOTTA, JADSON DIOGO PEREIRA BEZERRA","SURVEY OF FUNGI FROM THE AIR AND SEDIMENT OF THE LAPA DA CACHOEIRA DO FUNIL CAVE IN MAMBAÍ, GOIÁS, BRAZIL: PRELIMINARY DATA",07/2025,PUBLICAÇÃO CIENTÍFICA (TRABALHOS ACADÊMICOS),MEIO BIÓTICO,PUBLICADO,ARQUIVO PDF,SUBPROJETO_19_(CRISTINA_MOTTA)_RESUMO-3,CONGRESSO INTERNACIONAL; ESPELEOLOGIA; BRASIL; VOLUME 6,,,,,,,,,,,,,,,
TCCE 1/2022,SUBPROJETO 19,"EDNA DE A. SILVA, RENAN DO NASCIMENTO BARBOSA, SANDY DOS SANTOS NASCIMENTO, MARIA TAMARA C. FELIPE, OLIANE M. C. MAGALHÃES, JOENNY MARIA DA SILVEIRA DE LIMA, CRISTINA MARIA DE SOUZA MOTTA","A POLYPHASIC APPROACH REVEALS MICROASCUS LUZIARUM (MICROASCALES, MICROASCACEAE), A NEW SPECIES FROM BAT LIVING IN A CAVE IN BRAZIL",11/2025,PUBLICAÇÃO CIENTÍFICA (ARTIGOS),MEIO BIÓTICO,PUBLICADO,ARQUIVO PDF,SUBPROJETO_19_(CRISTINA_MOTTA)_ARTIGO-1,ASCOMYCOTA; CAATINGA; FUNGOS; ANÁLISES FILOGENÉTICAS; ESPELEOMICOLOGIA; TAXONOMIA,https://doi.org/10.1099/ijsem.0.006964,,,,,,,,,,,,,,
TCCE 1/2022,SUBPROJETO 19,"VITORIA CRISTINA SANTIAGO ALVES, RAFAELA ALVES DE LIRA, RENAN DO NASCIMENTO BARBOSA, DIEGO DE MEDEIROS BENTO, ÉDER BARBIER, CRISTINA MARIA DE SOUZA MOTTA, JADSON DIOGO PEREIRA BEZERRA",UNRAVELLING THE FUNGAL DARKNESS IN A TROPICAL CAVE: RICHNESS AND THE DESCRIPTION OF ONE NEW GENUS AND SIX NEW SPECIES,12/2022,PUBLICAÇÃO CIENTÍFICA (ARTIGOS),MEIO BIÓTICO,PUBLICADO,ARQUIVO PDF,SUBPROJETO_19_(CRISTINA_MOTTA)_ARTIGO-2,ASPERGILLUS; CAATINGA; AMBIENTE CAVERNÍCOLA; TAXONOMIA FUNGICA,,,,,,,,,,,,,,,
TCCE 1/2022,SUBPROJETO 21,VITOR DE OLIVEIRA LUNARDI,AVES DO PARQUE NACIONAL DA FURNA FEIA,10/2023,LIVROS,MEIO BIÓTICO,PUBLICADO,LINK WEB PAGE,https://livraria.ufersa.edu.br/aves-do-parque-nacional-da-furna-feia/,AVES; RIO GRANDE DO NORTE; NORDESTE; FURNA FEIA; BRASIL,,,,,,,,,,,,,,,
TCCE 1/2022,SUBPROJETO 25.2,"LEONARDO SOUSA CARVALHO, MARIA IDALETE LOPES SILVA, PRISCILA EMANUELA DE SOUZA, RODRIGO LOPES FERREIRA","TAXONOMY AND DISTRIBUTION OF THE CAVE-DWELLING SCORPIONS TROGLORHOPALURUS (SCORPIONES, BUTHIDAE), WITH THE DESCRIPTION OF A NEW CAVE-RESTRICTED SPECIES",04/2025,PUBLICAÇÃO CIENTÍFICA (ARTIGOS),MEIO BIÓTICO,PUBLICADO,ARQUIVO PDF,SUBPROJETO_25.2_(LEONARDO_CARVALHO)_ARTIGO_TAXONOMY-AND-DISTRIBUTION,ARCHNIDA; CENTRUROIDINAE; TAXONOMIA; CONSERVAÇÃO,,,,,,,,,,,,,,,
TCCE 1/2022,SUBPROJETO 25.2,"LEONARDO SOUSA CARVALHO, MARIA IDALETE LOPES SILVA, PRISCILA EMANUELA DE SOUZA, RODRIGO LOPES FERREIRA",ON THE SCORPION GENUS TROGLORHOPALURUS (ARACHNIDA: BUTHIDAE): TAXONOMY AND DISTRIBUTION,07/2025,PUBLICAÇÃO CIENTÍFICA (TRABALHOS ACADÊMICOS),MEIO BIÓTICO,PUBLICADO,ARQUIVO PDF,SUBPROJETO_25.2_(LEONARDO_CARVALHO)_RESUMO_ON-THE-SCORPION-GENUS,CONGRESSO INTERNACIONAL; ESPELEOLOGIA; BRASIL; VOLUME 6,,,,,,,,,,,,,,,
TCCE 1/2022,SUBPROJETO 25.3,"ORIGILENE BEZERRA DANTAS, DIEGO DE MEDEIROS BENTO, SERGIO MAIA QUEIROZ LIMA","FILOGEOGRAFIA DE ROWLANDIUS POTIGUAR SANTOS, FERREIRA & BUZZATO, 2013 (ARACHNIDA: SCHIZOMIDA: HUBARDIIDAE) NAS CAVERNAS DA FORMAÇÃO JANDAÍRA",11/2023,PUBLICAÇÃO CIENTÍFICA (TRABALHOS ACADÊMICOS),MEIO BIÓTICO,PUBLICADO,LINK WEB PAGE,https://doity.com.br/anais/resumosezn2023/trabalho/310192,BIOLOGIA SUBTERRÂNEA; MARCADORES MOLECULARES; ARACHNIDA; CAATINGA,,,,,,,,,,,,,,,
TCCE 1/2022,SUBPROJETO 25.3,"ORIGILENE BEZERRA DANTAS, SALU COELHO DA SILVA, RODRIGO LOPES FERREIRA, SERGIO MAIA QUEIROZ LIMA",THIS CAVE IS MINE: POTENTIAL COMPETITIVE EXCLUSION BETWEEN TWO SPECIES OF ROWLANDIUS (SCHIZOMIDA: HUBBARDIIDAE) IN THE CAATINGA,07/2025,PUBLICAÇÃO CIENTÍFICA (TRABALHOS ACADÊMICOS),MEIO BIÓTICO,PUBLICADO,ARQUIVO PDF,SUBPROJETO_25.3_(SERGIO_LIMA)_RESUMO_THIS-CAVE-IS-MINE,CONGRESSO INTERNACIONAL; ESPELEOLOGIA; BRASIL; VOLUME 6,,,,,,,,,,,,,,,
TCCE 1/2022,SUBPROJETO 25.3,"ORIGILENE BEZERRA DANTAS, LEONARDO SOUSA CARVALHO, RODRIGO LOPES FERREIRA, SERGIO MAIA QUEIROZ LIMA, IARA SIQUEIRA SANTOS SILVA",UNRAVELLING THE HIDDEN DIVERSITY OF SCHIZOMIDS (ARACHNIDA: SCHIZOMIDA: HUBBARDIIDAE) IN CAVES OF THE BRAZILIAN SEMIARID,03/2026,PUBLICAÇÃO CIENTÍFICA (ARTIGOS),MEIO BIÓTICO,PUBLICADO,ARQUIVO PDF,SUBPROJETO_25.3_(SERGIO_LIMA)_ARTIGO_UNRAVELLING-THE-HIDEN-DIVERSITY,CAATINGA; TAXONOMIA INTEGRATIVA; DELIMITAÇÃO DE LINHAGEM; BIOLOGIA SUBTERRÂNEA; FORMAÇÃO JANDAÍRA,https://doi.org/10.1093/zoolinnean/zlag010,,,,,,,,,,,,,,
TCCE 1/2022,SUBPROJETO 25.4,"JULIANA DEO DIAS, DIEGO DE MEDEIROS BENTO, ANA KAROLINA SANTOS SILVA, CAROLINA TEIXEIRA PUPPIN GONÇALVES",CONTRIBUIÇÃO DO BANCO DE OVOS PARA A DIVERSIDADE DE ZOOPLÂNCTON EM AMBIENTES AQUÁTICOS SUBTERRÂNEOS,07/2025,PUBLICAÇÃO CIENTÍFICA (TRABALHOS ACADÊMICOS),MEIO BIÓTICO,PUBLICADO,ARQUIVO PDF,SUBPROJETO_25.4_(JULIANA_DIAS)_RESUMO-1,CONGRESSO INTERNACIONAL; ESPELEOLOGIA; BRASIL; VOLUME 6,,,,,,,,,,,,,,,
TCCE 1/2022,SUBPROJETO 25.4,"CAROLINA TEIXEIRA PUPPIN GONÇALVES, ANA KAROLINA SANTOS SILVA, DANIELLE KATHARINE PETSCH, DIEGO DE MEDEIROS BENTO, JULIANA DEO DIAS",DIVERSIDADE BETA DE ZOOPLÂNCTON NA CAATINGA: SINGULARIDADE AMBIENTAL E BIOLÓGICA EM ECOSSISTEMAS SUBTERRÂNEOS,07/2025,PUBLICAÇÃO CIENTÍFICA (TRABALHOS ACADÊMICOS),MEIO BIÓTICO,PUBLICADO,ARQUIVO PDF,SUBPROJETO_25.4_(JULIANA_DIAS)_RESUMO-2,CONGRESSO INTERNACIONAL; ESPELEOLOGIA; BRASIL; VOLUME 7,,,,,,,,,,,,,,,
TCCE 1/2022,SUBPROJETO 25.4,"CAROLINA TEIXEIRA PUPPIN GONÇALVES, ANA KAROLINA SANTOS SILVA, AMANDA MAIA DA SILVA, CAMILA ESTEFANY ALVES MOTA, DANIELLE KATHARINE PETSCH, DIEGO DE MEDEIROS BENTO, CLAUDIA COSTA BONECKER, ENEIDA MARIA ESKINAZI-SANT'ANNA, JULIANA DEO DIAS",HATCHING TRIGGERS AND DIVERSITY PATTERNS OF ZOOPLANKTON DORMANT STAGES IN GROUNDWATER ECOSYSTEMS OF THE CAATINGA DRYLANDS,03/2026,PUBLICAÇÃO CIENTÍFICA (ARTIGOS),MEIO BIÓTICO,PUBLICADO,ARQUIVO PDF,SUBPROJETO_25.4_(JULIANA_DIAS)_ARTIGO_HATCHING-TRIGGERS-AND-DIVERSITY,ZOOPLANCTON; CAATINGA; ÁGUAS SUBTERRÂNEAS,https://link.springer.com/article/10.1007/s10750-025-06098-4,,,,,,,,,,,,,,
TCCE 1/2022,SUBPROJETO 25.5,"GIOVANNA MONTICELLI CARDOSO, RODRIGO LOPES FERREIRA",FIRST TROGLOBITIC IANSAONISCUS (ISOPODA: PUDEONISCIDAE) FROM IRON-ORE CAVES AND NEW DISTRIBUTION RECORDS FOR THE GENUS,08/2025,PUBLICAÇÃO CIENTÍFICA (ARTIGOS),MEIO BIÓTICO,PUBLICADO,ARQUIVO PDF,SUBPROJETO_25.5_(MARCONI_SILVA)_ARTIGO-1,ISÓPODES TERRESTRES; FAUNA CAVERNÍCOLA; NEOTROPICAL; NOVA ESPÉCIE; PALEOBURROW,,,,,,,,,,,,,,,
TCCE 1/2022,SUBPROJETO 25.5,"JÚLIA BARBOSA GALO, GIOVANNA MONTICELLI CARDOSO, RODRIGO LOPES FERREIRA","SPELAEOGAMMARUS QUILOMBOLA SP. NOV. (AMPHIPODA: BOGIDIELLOIDEA: ARTESIIDAE): A NEW STYGOBITIC AMPHIPOD FOR BRAZI, WITH A SUPPLEMENTARY DESCRIPTION OF SPELAEOGAMMARUS BAHIENSIS DA SILVA BRUM, 1975",11/2025,PUBLICAÇÃO CIENTÍFICA (ARTIGOS),MEIO BIÓTICO,PUBLICADO,ARQUIVO PDF,SUBPROJETO_25.5_(MARCONI_SILVA)_ARTIGO-2,TAXONOMIA; FAUNA CAVERNÍCOLA; ESPÉCIES AMEAÇADAS;  AMPHIPODA; STYGOBITIC,,,,,,,,,,,,,,,
TCCE 1/2022,SUBPROJETO 25.5,"LUCAS GUIMARÃES DE SOUZA, GUILHERME CARVALHO PRADO, RODRIGO LOPES FERREIRA","TWO NEW SPECIES OF TYRANNOCHTHONIUS CHAMBERLIN, 1929 (PSEUDOSCORPIONES: CHTHONIIDAE) FROM CAVES IN BRAZILIA SEMIARID REGION",10/2025,PUBLICAÇÃO CIENTÍFICA (ARTIGOS),MEIO BIÓTICO,PUBLICADO,ARQUIVO PDF,SUBPROJETO_25.5_(MARCONI_SILVA)_ARTIGO-3,FAUNA CAVERNÍCOLA; BIODIVERSDADE SUBTERRÂNEA; TAXONOMIA,,,,,,,,,,,,,,,
TCCE 1/2022,SUBPROJETO 25.5,"GABRIEL AUGUSTO SILVA VAZ, MARCONI SOUZA SILVA, RODRIGO LOPES FERREIRA",TEMPORAL AND SPATIAL DYNAMICS OF A BRAZILIAN CAVE-RESTRICTED FRESHWATER SPONGE,07/2025,PUBLICAÇÃO CIENTÍFICA (TRABALHOS ACADÊMICOS),MEIO BIÓTICO,PUBLICADO,ARQUIVO PDF,SUBPROJETO_25.5_(MARCONI_SILVA)_RESUMO_TEMPORAL-AND-SPATIAL-DYNAMICS,CONGRESSO INTERNACIONAL; ESPELEOLOGIA; BRASIL; VOLUME 7,,,,,,,,,,,,,,,
TCCE 1/2022,SUBPROJETO 25.6,"NATHALIA MARIA STOPPA, MARCIANA LEANDRO DE LIMA, WILLIAM BRUNO DE SOUZA ALMEIDA, TITO AURELIANO, ALINE MARCELE GHILARDI, CLAUDE LUIZ AGUILAR SANTOS","CONTEXTO TAFONÔMICO DA HERPETOFAUNA FÓSSIL DO LAJEDO DA ESCADA, QUATERNÁRIO DO RIO GRANDE DO NORTE, BRASIL",08/2025,PUBLICAÇÃO CIENTÍFICA (TRABALHOS ACADÊMICOS),MEIO BIÓTICO,PUBLICADO,ARQUIVO PDF,SUBPROJETO_25.6_(CLAUDE_SANTOS)_RESUMO_CONTEXTO-TAFONOMICOS,TAFÔNOMIA; HERPETOFAUNA; FÓSSIL; QUATERNÁRIO,https://proceedings.science/iii-sbt-2025/trabalhos/contexto-tafonomico-da-herpetofauna-fossil-do-lajedo-da-escada-quaternario-do-ri?lang=pt-br,,,,,,,,,,,,,,
TCCE 1/2022,SUBPROJETO 25.7,"ANDRÉ MENEZES STRAUSS, ELIANE NUNES CHIM, HARUAN STRAIOTO, RODRIGO ELIAS DE OLIVEIRA, MANUEL DIMITRI DE ALIMEIDA GOMES",RECONHECIMENTO DE SÍTIOS ARQUEOLÓGICOS NO PARQUE NACIONAL CAVERNAS DO PERUAÇU,11/2025,PUBLICAÇÃO CIENTÍFICA (TRABALHOS ACADÊMICOS),OUTROS,PUBLICADO,ARQUIVO PDF,SUBPROJETO_25.7_(ANDRÉ_STRAUSS)_RESUMO_SITIOS-ARQUEOLOGICOS-PERUAÇU,ARQUEOLOGIA; SÍTIOS ARQUEOLÓGICOS; PERUAÇU,,,,,,,,,,,,,,,
TCCE 1/2022,SUBPROJETO 25.7,"ELIANE NUNES CHIM, HARUAN STRAIOTO",DE CORDINHAS A CORDÕES: COLEÇÃO DE FIBRAS VEGETAIS DO VALE DO PERUAÇU - REVISITANDO O REGISTRO ARQUEOLÓGICO DO VALE DO RIO PERUAÇU. PÁG 26.,02/2025,LIVROS,OUTROS,PUBLICADO,LINK WEB PAGE,https://www.academia.edu/128616202/De_Cordinhas_a_Cord%C3%B5es_Cole%C3%A7%C3%A3o_de_fibras_vegetais_do_Vale_do_Perua%C3%A7u,LIVRO; ARQUEOLOGIA; SÍTIOS ARQUEOLÓGICOS; PERUAÇU,,,,,,,,,,,,,,,
TCCE 1/2022,SUBPROJETO 25.8,"JÚLIA BARBOSA GALO, GIOVANNA MONTICELLI CARDOSO, RODRIGO LOPES FERREIRA","TWO NEW TROGLOBITIC SPECIES OF THE GENUS SPELAEOGAMMARUS DA SILVA BRUM, 1975 (AMPHIPODA, ARTESIIDAE) FROM BRAZIL",07/2025,PUBLICAÇÃO CIENTÍFICA (TRABALHOS ACADÊMICOS),MEIO BIÓTICO,PUBLICADO,ARQUIVO PDF,SUBPROJETO_25.8_(RODRIGO_LOPES)_RESUMO-1,CONGRESSO INTERNACIONAL; ESPELEOLOGIA; BRASIL; VOLUME 6,,,,,,,,,,,,,,,
TCCE 1/2022,SUBPROJETO 25.8,"GIOVANNA MONTICELLI CARDOSO, MARCUS PAULO ALVES OLIVEIRA, RODRIGO LOPES FERREIRA","NEW SPECIES OF CAVE-RESTRICTED HYALELLA (CRUSTACEA: AMPHIPODA) FOR BRAZIL, WITH THE FIRST RECORDS FROM THE AMAZON",07/2025,PUBLICAÇÃO CIENTÍFICA (TRABALHOS ACADÊMICOS),MEIO BIÓTICO,PUBLICADO,ARQUIVO PDF,SUBPROJETO_25.8_(RODRIGO_LOPES)_RESUMO-2,CONGRESSO INTERNACIONAL; ESPELEOLOGIA; BRASIL; VOLUME 6,,,,,,,,,,,,,,,
TCCE 1/2022,SUBPROJETO 25.8,"FERNANDA CARVALHO CALDEIRA, PEDRO HENRIQUE MENDES CARVALHO, RODRIGO LOPES FERREIRA","DESCRIPTION OF A NEW SPECIES OF EIDMANACRIS CHOPARD, 1956 (ORTHOPTERA: PHALANGOPSIDAE) FROM A CAVE IN NORTHEASTERN BRAZIL",07/2025,PUBLICAÇÃO CIENTÍFICA (TRABALHOS ACADÊMICOS),MEIO BIÓTICO,PUBLICADO,ARQUIVO PDF,SUBPROJETO_25.8_(RODRIGO_LOPES)_RESUMO-3,CONGRESSO INTERNACIONAL; ESPELEOLOGIA; BRASIL; VOLUME 6,,,,,,,,,,,,,,,
TCCE 1/2022,SUBPROJETO 25.8,"LUCIANA LAIBE SANTOS SILVA, GUILHERME CARVALHO PRADO, RODRIGO LOPES FERREIRA","A NEW SPECIES OF ATTALEACHERNES BEIER, 1937 (PSEUDOSCORPIONES, CHERNETIDAE) FROM NORTHEASTERN BRAZIL",07/2025,PUBLICAÇÃO CIENTÍFICA (TRABALHOS ACADÊMICOS),MEIO BIÓTICO,PUBLICADO,ARQUIVO PDF,SUBPROJETO_25.8_(RODRIGO_LOPES)_RESUMO-4,CONGRESSO INTERNACIONAL; ESPELEOLOGIA; BRASIL; VOLUME 6,,,,,,,,,,,,,,,
TCCE 1/2022,SUBPROJETO 25.8,"PEDRO HENRIQUE MENDES CARVALHO, RODRIGO LOPES FERREIRA","FIRST RECORDS OF ARACAMBIAE CRICKETS (ORTHOPTERA: PHALANGOPSIDAE) IN CAVES, WITH DESCRIPTION OF SEVEN NEW SPECIES",07/2025,PUBLICAÇÃO CIENTÍFICA (TRABALHOS ACADÊMICOS),MEIO BIÓTICO,PUBLICADO,ARQUIVO PDF,SUBPROJETO_25.8_(RODRIGO_LOPES)_RESUMO-5,CONGRESSO INTERNACIONAL; ESPELEOLOGIA; BRASIL; VOLUME 6,,,,,,,,,,,,,,,
TCCE 1/2022,SUBPROJETO 25.8,"LUCAS GUIMARÃES DE SOUZA, GUILHERME CARVALHO PRADO, RODRIGO LOPES FERREIRA","A NEW SPECIES OF CERIOCHERNES BEIER, 1937 (PSEUDOSCORPIONES, CHERNETIDAE) FROM NORTHEASTERN BRAZIL",07/2025,PUBLICAÇÃO CIENTÍFICA (TRABALHOS ACADÊMICOS),MEIO BIÓTICO,PUBLICADO,ARQUIVO PDF,SUBPROJETO_25.8_(RODRIGO_LOPES)_RESUMO-6,CONGRESSO INTERNACIONAL; ESPELEOLOGIA; BRASIL; VOLUME 6,,,,,,,,,,,,,,,
TCCE 1/2022,SUBPROJETO 25.8,"GUILHERME CARVALHO PRADO, RODRIGO LOPES FERREIRA",UNVEILING A NEW GENUS OF CAVE-DWELLING PSEUDOSCORPION FROM BRAZIL: TAXONOMY AND SYSTEMATIC RELEVANCE,07/2025,PUBLICAÇÃO CIENTÍFICA (TRABALHOS ACADÊMICOS),MEIO BIÓTICO,PUBLICADO,ARQUIVO PDF,SUBPROJETO_25.8_(RODRIGO_LOPES)_RESUMO-7,CONGRESSO INTERNACIONAL; ESPELEOLOGIA; BRASIL; VOLUME 7,,,,,,,,,,,,,,,
TCCE 1/2022,SUBPROJETO 25.9,"JOENNY MARIA DA SILVEIRA DE LIMA, RAFAELA ALVES DE LIRA, JADSON DIOGO PEREIRA BEZERRA, CRISTINA MARIA DE SOUZA MOTTA, VITÓRIA ALVES, ÉDER BARBIER",BAT MYCOBIOTA: A PRELIMINARY ASSESSMENT IN A CAVE IN NORTHEAST BRAZIL,07/2025,PUBLICAÇÃO CIENTÍFICA (TRABALHOS ACADÊMICOS),MEIO BIÓTICO,PUBLICADO,ARQUIVO PDF,SUBPROJETO_25.9_(CRISTINA_MOTTA)_RESUMO-1,CONGRESSO INTERNACIONAL; ESPELEOLOGIA; BRASIL; VOLUME 6,,,,,,,,,,,,,,,
TCCE 1/2022,SUBPROJETO 25.9,"RAFAELA ALVES DE LIRA, JOENNY MARIA DA SILVEIRA DE LIMA, VITÓRIA ALVES, THAMYRES OLIVEIRA DOS SANTOS, MAYARA PEREIRA, ÉDER BARBIER, JADSON DIOGO PEREIRA BEZERRA, CRISTINA MARIA DE SOUZA MOTTA",CAVES OF THE POTIGUAR KARST: THE ROLE OF MYCOLOGICAL STUDIES IN MANAGEMENT PLANS,07/2025,PUBLICAÇÃO CIENTÍFICA (TRABALHOS ACADÊMICOS),MEIO BIÓTICO,PUBLICADO,ARQUIVO PDF,SUBPROJETO_25.9_(CRISTINA_MOTTA)_RESUMO-2,CONGRESSO INTERNACIONAL; ESPELEOLOGIA; BRASIL; VOLUME 6,,,,,,,,,,,,,,,
TCCE 1/2022,SUBPROJETO 25.9,"VITÓRIA ALVES, MAIARA BEATRIZ MENDES DA SILVA, JOENNY MARIA DA SILVEIRA DE LIMA, RAFAELA ALVES DE LIRA, THAMYRES OLIVEIRA DOS SANTOS, ÉDER BARBIER, JADSON DIOGO PEREIRA BEZERRA, CRISTINA MARIA DE SOUZA MOTTA",ANEMOPHILOUS MYCOBIOTA IN BAT CAVES OF NOTHEAST BRAZIL,07/2025,PUBLICAÇÃO CIENTÍFICA (TRABALHOS ACADÊMICOS),MEIO BIÓTICO,PUBLICADO,ARQUIVO PDF,SUBPROJETO_25.9_(CRISTINA_MOTTA)_RESUMO-3,CONGRESSO INTERNACIONAL; ESPELEOLOGIA; BRASIL; VOLUME 6,,,,,,,,,,,,,,,
TCCE 1/2022,SUBPROJETO 25.9,"APARECIDA CLÉBIA DA SILVA, JOENNY MARIA DA SILVEIRA DE LIMA, VITORIA CRISTINA SANTIAGO ALVES, EMILY OLIVEIRA FONSECA, SABRINA ALVES DA SILVA, DIEGO DE MEDEIROS BENTO, CRISTINA MARIA DE SOUZA MOTTA, JADSON DIOGO PEREIRA BEZERRA","SUBTERRANEAN MYCOBIOTA A PRELIMINARY STUDY OF FUNGI ISOLATED FROM THE SOIL OF PULPITO CAVE, FERRUGINOUS FIELDS NATIONAL PARK",07/2025,PUBLICAÇÃO CIENTÍFICA (TRABALHOS ACADÊMICOS),MEIO BIÓTICO,PUBLICADO,ARQUIVO PDF,SUBPROJETO_25.9_(CRISTINA_MOTTA)_RESUMO-4,CONGRESSO INTERNACIONAL; ESPELEOLOGIA; BRASIL; VOLUME 7,,,,,,,,,,,,,,,
TCCE 1/2022,SUBPROJETO 25.9,"JOSÉ FREDSON DA SILVA ALVES DOS PRAZERES, ENRICO BERNARD, CRISTINA MARIA DE SOUZA MOTTA, DIEGO DE MEDEIROS BENTO, ÉDER BARBIER, EMILY OLIVEIRA FONSECA, JOENNY MARIA DA SILVEIRA DE LIMA, JOÃO LUCAS VITORIO RIBEIRO CARVALHO, LORENA SOUZA MIRANDA, OLINTO LIPARINI PEREIRA, RENAN DO NASCIMENTO BARBOSA, RENATA SANTOS MOMOLI, THIAGO OLIVEIRA CONDÉ, VITORIA CRISTINA SANTIAGO ALVES, PEDRO HENRIQUE FÉLIX DE OLIVEIRA, JADSON DIOGO PEREIRA BEZERRA, THIAGO CORREIA DA SILVA, VÂNIA APARECIDA VICENTE",CURRENT KNOWLEDGE ON THE CAVE FUNGI IN BRAZILIAN BIOMES,03/2025,PUBLICAÇÃO CIENTÍFICA (ARTIGOS),MEIO BIÓTICO,PUBLICADO,ARQUIVO PDF,SUBPROJETO_25.9_(CRISTINA_MOTTA)_ARTIGO-1,CAVERNAS; FUNGOS; BIOMAS; BRASIL,https://doi.org/10.1016/j.fbr.2025.100412,,,,,,,,,,,,,,
TCCE 1/2022,SUBPROJETO 25.9,RENAN DO NASCIMENTO BARBOSA,A REVIEW OF THE BIOTECHNOLOGICAL POTENTIAL OF CAVE FUNGI: A TOOLBOX FOR THE FUTURE,02/2025,PUBLICAÇÃO CIENTÍFICA (ARTIGOS),MEIO BIÓTICO,PUBLICADO,ARQUIVO PDF,SUBPROJETO_25.9_(CRISTINA_MOTTA)_ARTIGO-2,APLICAÇÃO BIOTECNOLOGICA; FUNGOS; BIOTECNOLOGIA FUNGICA; METABOLISMO FUNGICO; ESPELEOMICOLOGIA,,,,,,,,,,,,,,,
TCCE 1/2022,SUBPROJETO 25.10,"RODRIGO ANTÔNIO CASTRO SOUZA, THADEU SOBRAL SOUZA, LUCAS MENDES RABELO, RODRIGO LOPES FERREIRA, EDISON ZEFA","PERSISTING WHILE CHANGING OVER TIME: MODELLING THE HISTORICAL BIOGEOGRAPHIC OF CAVE CRICKETS (ORTHOPTERA, GRYLLOIDEA) IN NEOTROPICS",01/2023,PUBLICAÇÃO CIENTÍFICA (ARTIGOS),MEIO BIÓTICO,PUBLICADO,ARQUIVO PDF,SUBPROJETO_25.10_(THADEU_SOBRAL)_ARTIGO-1,MUDANÇA CLIMÁTICA; MODELO DE NICHO ECOLÓGICO; ENDECOUS; INSETOS; CARSTE; PAISAGEM,https://www.cambridge.org/core/journals/journal-of-tropical-ecology/article/abs/persisting-while-changing-over-time-modelling-the-historical-biogeographic-of-cave-crickets-orthoptera-grylloidea-in-neotropics/E5D80EECF972B8F36A2F6B20458D3AA0,,,,,,,,,,,,,,
TCCE 1/2022,SUBPROJETO 25.10,"RODRIGO ANTÔNIO CASTRO SOUZA, RODRIGO LOPES FERREIRA, MARCONI SOUZA SILVA, THADEU SOBRAL SOUZA, GEOVANA DE OLIVEIRA DA SILVA, AFONSO HENRIQUE KREMPNER DE SOUSA",STRATEGIC SITES FOR CAVE PROSPECTING AND NON-TROGLOBITIC FAUNAL SURVEYS IN BRAZIL,07/2025,PUBLICAÇÃO CIENTÍFICA (TRABALHOS ACADÊMICOS),MEIO BIÓTICO,PUBLICADO,ARQUIVO PDF,SUBPROJETO_25.10_(THADEU_SOBRAL)_RESUMO-1,CONGRESSO INTERNACIONAL; ESPELEOLOGIA; BRASIL; VOLUME 6,,,,,,,,,,,,,,,
TCCE 1/2022,SUBPROJETO 25.10,"GEOVANA DE OLIVEIRA DA SILVA, RODRIGO ANTÔNIO CASTRO SOUZA, AFONSO HENRIQUE KREMPNER DE SOUSA, THAIRIK MATEUS SILVA MARQUES, NEUCIR SZINWELSKI, THADEU SOBRAL SOUZA",PRIORIZAÇÃO ESPACIAL PARA CONSERVAÇÃO DAS ÁREAS CÁRSTICAS BRASILEIRAS,07/2025,PUBLICAÇÃO CIENTÍFICA (ARTIGOS),MEIO FÍSICO,PUBLICADO,ARQUIVO PDF,SUBPROJETO_25.10_(THADEU_SOBRAL)_ARTIGO-2,PATRIMÔNIO ESPELEOLÓGICO; ESPELEOLOGIA; IMPACTO ANTRÓPICO; PRIORIZAÇÃO ESPACIAL; CONSERVAÇÃO,,,,,,,,,,,,,,,
TCCE 1/2022,SUBPROJETO 25.10,RODRIGO ANTÔNIO CASTRO SOUZA,"UFLA NATURALISTS: CONECTANDO PESSOAS, OBSERVAÇÕES E BIODIVERSIDADE",01/2026,MATERIAL EDUCATIVO (PÔSTER/FOLDER),OUTROS,PRODUZIDO,ARQUIVO PDF,SUBPROJETO_25.10_(THADEU_SOBRAL)_UFLA-NATURALIST,UFLA NATURALIST; ESPELEOLOGIA; TECNOLOGIA,,,,,,,,,,,,,,,
TCCE 1/2022,SUBPROJETO 25.11,"ANA FLÁVIA LEÃO, THIAGO OLIVEIRA CONDÉ, FÁBIO ALEX CUSTÓDIO, JAQUELINE APARECIDA DE OLIVEIRA, DANILO OLIVEIRA RAMOS, OLINTO LIPARINI PEREIRA",UNCOVERING THE MYCOBIOTA OF THE TETO DE SEIXOS CAVES,07/2025,PUBLICAÇÃO CIENTÍFICA (TRABALHOS ACADÊMICOS),MEIO BIÓTICO,PUBLICADO,ARQUIVO PDF,SUBPROJETO_25.11_(OLINTO_LIPARINI)_RESUMO-1,CONGRESSO INTERNACIONAL; ESPELEOLOGIA; BRASIL; VOLUME 6,,,,,,,,,,,,,,,
TCCE 1/2022,SUBPROJETO 25.11,"JAQUELINE APARECIDA DE OLIVEIRA, JOÃO PEDRO SANTIAGO GOULART, ANA FLÁVIA LEÃO, THIAGO OLIVEIRA CONDÉ, FÁBIO ALEX CUSTÓDIO, DANILO OLIVEIRA RAMOS, OLINTO LIPARINI PEREIRA","PHOSPHATE-SOLUBILIZING FUNGI FROM CAVES IN THE SERRA DO ESPINHAÇO MERIDIONAL, MINAS GERAIS, BRAZIL",07/2025,PUBLICAÇÃO CIENTÍFICA (TRABALHOS ACADÊMICOS),MEIO BIÓTICO,PUBLICADO,ARQUIVO PDF,SUBPROJETO_25.11_(OLINTO_LIPARINI)_RESUMO-2,CONGRESSO INTERNACIONAL; ESPELEOLOGIA; BRASIL; VOLUME 7,,,,,,,,,,,,,,,
TCCE 1/2022,SUBPROJETO 25.11,"DANILO OLIVEIRA RAMOS, ANA FLÁVIA LEÃO, THIAGO OLIVEIRA CONDÉ, FÁBIO ALEX CUSTÓDIO, JAQUELINE APARECIDA DE OLIVEIRA, OLINTO LIPARINI PEREIRA","LIFE GLOWING IN THE DARKNESS: FUNGAL RICHNESS IN GRUTA DA VIOLA CAVE, MINAS GERAIS",07/2025,PUBLICAÇÃO CIENTÍFICA (TRABALHOS ACADÊMICOS),MEIO BIÓTICO,PUBLICADO,ARQUIVO PDF,SUBPROJETO_25.11_(OLINTO_LIPARINI)_RESUMO-3,CONGRESSO INTERNACIONAL; ESPELEOLOGIA; BRASIL; VOLUME 7,,,,,,,,,,,,,,,
TCCE 1/2022,SUBPROJETO 25.12,"LUANA MARÇAL SORROCHE, GABRIELA CRESTANA RABELLO, ANDRÉ LUIZ HENRIQUES ESGUÍCERO, MARIA ELINA BICHUETTE","UM PEIXE RELICTO AMEAÇADO NO ANTROPOCENO: PROJETO ""PIABA BRANCA DE JAÍBA (STYGICHTHYS TYPHLOPS BRITTAN & BOHLKE, 1965), EM BUSCA DE PROTAÇÃO AO PEIXE MAIS ESPECIALIZADO DAS ÁGUAS SUBTERRÂNEAS BRASILEIRAS",01/2025,PUBLICAÇÃO CIENTÍFICA (TRABALHOS ACADÊMICOS),MEIO BIÓTICO,PUBLICADO,ARQUIVO PDF,SUBPROJETO_25.12_(MARIA_ELINA)_RESUMO-1,PEIXES FREATÓBIOS; CONSERVAÇÃO; BACIA DO RIO SÃO FRANCISCO; BRASIL,,,,,,,,,,,,,,,
TCCE 1/2022,SUBPROJETO 25.12,"AMANDA MIRANDA MICELLI, ANDRÉ LUIZ HENRIQUES ESGUÍCERO, MARIA ELINA BICHUETTE","NEM SÓ DE PEIXES SUBTERRÂNEOS VIVE O FREÁTICO DE JAÍBA, MINAS GERAIS, BACIA DO MÉDIO RIO SÃO FRANCISCO: OCORRÊNCIA DE MEGALAMPHODUS EQUES (STEINDACHNER 1882), HEMIGRAMMUS MARGINATUS ELLIS 1911 E ASTYANAX LACUSTRIS (LUTKEN 1865) CHARACIFORMES: CHARACIDAE",01/2025,PUBLICAÇÃO CIENTÍFICA (TRABALHOS ACADÊMICOS),MEIO BIÓTICO,PUBLICADO,ARQUIVO PDF,SUBPROJETO_25.12_(MARIA_ELINA)_RESUMO-2,HABITAT FREÁTICO; PIABA; CO-OCORRÊNCIA; BRASIL,,,,,,,,,,,,,,,
TCCE 1/2022,SUBPROJETO 25.12,"MARIA ELINA BICHUETTE, AMANDA MIRANDA MICELLI, LUANA MARÇAL SORROCHE, ANDRÉ LUIZ HENRIQUES ESGUÍCERO",OS PEIXE SUBTERRÂNEOS DA BACIA DO RIO SÃO FRANCISCO: UMA ICTIOFAUNA NEGLIGENCIADA E AMEAÇADA,01/2025,PUBLICAÇÃO CIENTÍFICA (TRABALHOS ACADÊMICOS),MEIO BIÓTICO,PUBLICADO,ARQUIVO PDF,SUBPROJETO_25.12_(MARIA_ELINA)_RESUMO-3,ICTIOFAUNA SUBTERRÂNEA; BACIA DO SÃO FRANCISCO; AMEAÇAS; CONSERVAÇÃO,,,,,,,,,,,,,,,
TCCE 1/2022,SUBPROJETO 25.12,MARIA ELINA BICHUETTE,"TROGLÓBIOS EMBLEMÁTICOS - PIABA BRANCA (STYGICHTHYS TYPHLOPS BRITTAN & BOHLKE, 1965)",01/2025,MATERIAL EDUCATIVO (CARTILHA),MEIO BIÓTICO,PRODUZIDO,ARQUIVO PDF,SUBPROJETO_25.12_(MARIA_ELINA)_CARTILHA-PIABA-BRANCA,ICTIOFAUNA SUBTERRÂNEA; PIABA BRANCA; BRASIL,,,,,,,,,,,,,,,
TCCE 1/2022,SUBPROJETO 25.13,"JUAN C. DÍAZ-SANDOVAL, WALTER APARECIDO ARRUDA DE OLIVEIRA, DANIELA CRISTINA FERREIRA, AMAZONAS CHAGAS JÚNIOR","THREE NEW SPECIES OF THE CENTIPEDE NEWPORTIA GERVAIS, 1847 (SCOLOPENDROMORPHA, SCOLOPOCRYPTOPIDAE, NEWPORTIINAE) FROM CENTRAL SOUTH AMERICA, WITH REMARKS ON THE DISCOVERY OF SEVERAL LINEAGES WITHIN NEWPORTIA (TIDOPS) BALZANII SILVESTRI",10/2025,PUBLICAÇÃO CIENTÍFICA (ARTIGOS),MEIO BIÓTICO,PUBLICADO,ARQUIVO PDF,SUBPROJETO_25.13_(AMAZONAS_CHAGAS)_ARTIGO-1,CAVERNA; CHILOPODA; TAXONOMIA INTEGRATIVA; NEOTROPICAL; DELIMITAÇÃO DE ESPÉCIE,,,,,,,,,,,,,,,
TCCE 2/2020,SUBPROJETO 1,"RICARDO GALENO FRAGA DE ARAÚJO PEREIRA, CARLOS GLEIDSON CAMPOS DA PURIFICAÇÃO, LEO LINKE FERREIRA, TARSILA CARVALHO DE JESUS",CAVERNAS E CARSTE EM ROCHAS CARBONÁTICAS NO ESTADO DA BAHIA,04/2022,PUBLICAÇÃO CIENTÍFICA (TRABALHOS ACADÊMICOS),MEIO FÍSICO,PUBLICADO,ARQUIVO PDF,SUBPROJETO_1_(RICARDO_FRAGA)_RESUMO-1,CARSTE DA BAHIA; CAVERNAS DA BAHIA; CARBONATOS DA BAHIA; REGIONALIZAÇÃO DO CARSTE,,,,,,,,,,,,,,,
TCCE 2/2020,SUBPROJETO 1,"RICARDO GALENO FRAGA DE ARAÚJO PEREIRA, CARLOS GLEIDSON CAMPOS DA PURIFICAÇÃO, LEO LINKE FERREIRA, TARSILA CARVALHO DE JESUS",CAVERNAS E CARSTE EM ROCHAS CARBONÁTICAS NO ESTADO DA BAHIA,04/2022,MATERIAL EDUCATIVO (PÔSTER/FOLDER),MEIO FÍSICO,PUBLICADO,ARQUIVO PDF,SUBPROJETO_1_(RICARDO_FRAGA)_POSTÊR-RESUMO-1,CARSTE DA BAHIA; CAVERNAS DA BAHIA; CARBONATOS DA BAHIA; REGIONALIZAÇÃO DO CARSTE,,,,,,,,,,,,,,,
TCCE 2/2020,SUBPROJETO 1,"RICARDO GALENO FRAGA DE ARAÚJO PEREIRA, CARLOS GLEIDSON CAMPOS DA PURIFICAÇÃO, LEO LINKE FERREIRA, TARSILA CARVALHO DE JESUS",ATLAS DO CARSTE E CAVERNAS EM ROCHAS CARBONÁTICAS NO ESTADO DA BAHIA,02/2024,LIVROS,MEIO FÍSICO,PUBLICADO,LINK WEB PAGE,https://editora.iabs.org.br/site/index.php/portfolio-items/atlas-do-carste-e-cavernas-em-rochas-carbonaticas-no-estado-da-bahia/,CARSTE DA BAHIA; CAVERNAS DA BAHIA; CARBONATOS DA BAHIA; REGIONALIZAÇÃO DO CARSTE,,,,,,,,,,,,,,,
TCCE 2/2020,SUBPROJETO 1,"RICARDO GALENO FRAGA DE ARAÚJO PEREIRA, CARLOS GLEIDSON CAMPOS DA PURIFICAÇÃO, LEO LINKE FERREIRA, TARSILA CARVALHO DE JESUS",CAVERNAS E CARSTE EM ROCHAS CARBONÁTICAS NO ESTADO DA BAHIA,04/2023,LIVROS,MEIO FÍSICO,PUBLICADO,LINK WEB PAGE,https://editora.iabs.org.br/site/index.php/portfolio-items/cavernas-carste-rochas-carbonaticas-na-bahia/,CARSTE DA BAHIA; CAVERNAS DA BAHIA; CARBONATOS DA BAHIA; REGIONALIZAÇÃO DO CARSTE,,,,,,,,,,,,,,,
TCCE 2/2020,SUBPROJETO 1,"RICARDO GALENO FRAGA DE ARAÚJO PEREIRA, CARLOS GLEIDSON CAMPOS DA PURIFICAÇÃO, LEO LINKE FERREIRA, TARSILA CARVALHO DE JESUS, RAPHAEL PARRA","CAVERNAS EM ROCHAS CARBONÁTICAS NO ESTADO DA BAHIA: FORÇAS, FRAQUEZAS, OPORTUNIDADES E AMEAÇAS",07/2023,PUBLICAÇÃO CIENTÍFICA (ARTIGOS),MEIO FÍSICO,PUBLICADO,ARQUIVO PDF,SUBPROJETO_1_(RICARDO_FRAGA)_ARTIGO-CARSTE-BAHIA,CAVERNAS DA BAHIA; ANÁLISE SWOT; ESPELEOTURISMO; GESTÃO DE CAVERNAS,,,,,,,,,,,,,,,
TCCE 2/2020,SUBPROJETO 1,"RICARDO GALENO FRAGA DE ARAÚJO PEREIRA, RAPHAEL PARRA, CARLOS GLEIDSON CAMPOS DA PURIFICAÇÃO, LEO LINKE FERREIRA, TARSILA CARVALHO DE JESUS, FABIANO PEREIRA SANTOS",KARS TERRAINS IN CARBONATE ROCKS IN TE STATE OF BAHIA - BRAZIL: A REGIONAL APPROACH,07/2025,PUBLICAÇÃO CIENTÍFICA (TRABALHOS ACADÊMICOS),MEIO FÍSICO,PUBLICADO,ARQUIVO PDF,SUBPROJETO_1_(RICARDO_FRAGA)_RESUMO-2,CONGRESSO INTERNACIONAL; ESPELEOLOGIA; BRASIL; VOLUME 3,,,,,,,,,,,,,,,
TCCE 2/2020,SUBPROJETO 3,"MARCEL SANTOS DE ARAÚJO, MARCUS VINÍCIUS DA SILVA AGUA DUARTE, MARIA ELINA BICHUETTE","A NEW SPECIES OF CAVE DWELLING NEOCARUS (ACARI: OPILIOACARIDAE) FROM MINAS GERAIS STATE, BRAZIL WITH A KEY YO SPECIES OF GENUS",07/2021,PUBLICAÇÃO CIENTÍFICA (ARTIGOS),MEIO BIÓTICO,PUBLICADO,ARQUIVO PDF,SUBPROJETO_3_(MARIA_ELINA)_2021_ARTIGO-1,OPILIOACARIDA; CARSTE; HIPOGÊNICO; NEOTROPICAL,,,,,,,,,,,,,,,
TCCE 2/2020,SUBPROJETO 3,"LEONARDO DE ASSIS, DIEGO MONTEIRO VON SCHIMONSKY, MARIA ELINA BICHUETTE","THE FIRST TROGLOBITIC PSEUDOCHTHONIUS BALZA, 1892 (PSEUDOSCORPIONES, CHTHONIIDAE) FROM THE KARST AREA OF SERRA DO RAMALHO, BRAZIL: A THREATENED SPECIES",11/2021,PUBLICAÇÃO CIENTÍFICA (ARTIGOS),MEIO BIÓTICO,PUBLICADO,ARQUIVO PDF,SUBPROJETO_3_(MARIA_ELINA)_2021_ARTIGO-2,ARACNÍDEO; BAHIA; CHTHONIINAE; CONSERVATION; ENDEMIC; TROGLÓBIO,,,,,,,,,,,,,,,
TCCE 2/2020,SUBPROJETO 3,"MARIA ELINA BICHUETTE, JONAS EDUARDO GALLÃO",UNDER THE SURFACE: WHAT WE KNOW ABOUT THREATES TO SUBTERRRANEAN FISHES IN BRAZIL,10/2021,PUBLICAÇÃO CIENTÍFICA (ARTIGOS),MEIO BIÓTICO,PUBLICADO,ARQUIVO PDF,SUBPROJETO_3_(MARIA_ELINA)_2021_ARTIGO-3,CONSERVAÇÃO; IMPACTO HUMANO; IUCN; PEIXES SUBTERRÂNEOS; AMEAÇAS,,,,,,,,,,,,,,,
TCCE 2/2020,SUBPROJETO 3,MARIA ELINA BICHUETTE,ECOLOGIA DE PEIXES DE RIACHOS DE CAVERNAS E OUTROS HABITAT SUBTERRÂNEOS,08/2021,PUBLICAÇÃO CIENTÍFICA (ARTIGOS),MEIO BIÓTICO,PUBLICADO,ARQUIVO PDF,SUBPROJETO_3_(MARIA_ELINA)_2021_ARTIGO-4,PEIXES SUBTERRÂNEOS; CAVERNAS; FREÁTICO; EPICARSTE; ECOLOGIA; CONSERVAÇÃO; BRASIL,,,,,,,,,,,,,,,
TCCE 2/2020,SUBPROJETO 3,"MARIA ELINA BICHUETTE, ELEONORA TRAJANO",MONITORING BRAZILIAN CAVEFISH: ECOLOGY AND CONSERVATION OF FOUR THREATENES CATFISH OF GENUS ITUGLANIS (SILURIFORMES: TRICHOMYCTERIDAE) FROM CENTRAL BRAZIL,02/2021,PUBLICAÇÃO CIENTÍFICA (ARTIGOS),MEIO BIÓTICO,PUBLICADO,ARQUIVO PDF,SUBPROJETO_3_(MARIA_ELINA)_2021_ARTIGO-5,ECOLOGIA DE POPULAÇÃO; CRESCIMENTO; MOVIMENTOS; SAO DOMINGOS; CONSERVAÇÃO; EPICARSTE,,,,,,,,,,,,,,,
TCCE 2/2020,SUBPROJETO 3,"THAÍS GIOVANNI PELEGRINI, MARIA ELINA BICHUETTE, LETÍCIA VIEIRA","COARAZUPHIUM AULERI SP. N. (CARABIDAE: ZUPHIINI), A NEW TROGLOBITIC GROUND BEETLE IN CENTRAL-WESTERN BRAZIL",12/2021,PUBLICAÇÃO CIENTÍFICA (ARTIGOS),MEIO BIÓTICO,PUBLICADO,ARQUIVO PDF,SUBPROJETO_3_(MARIA_ELINA)_2021_ARTIGO-6,CAVERNAS; CARABID; TROGLOMORFISMO; FORMAÇÃO CARSTICA; NEOTROPICAL,,,,,,,,,,,,,,,
TCCE 2/2020,SUBPROJETO 3,"TAMIRES ZEPON, LEONARDO P. A. RESENDE, ALESSANDRA A. P. BUENO, MARIA ELINA BICHUETTE","NEW RECORDS OF THE TROGLOBITIC HYALELLA VEREDAE CARDOSO& BUENO, 2014 (CRUSTACEA, AMPHIPODA, HYALELLIDAE) FROM MINAS GERAIS CAVES; SOUTHEAST BRAZIL, WITH NOTES ON ITS NATURAL HISTORY",01/2021,PUBLICAÇÃO CIENTÍFICA (ARTIGOS),MEIO BIÓTICO,PUBLICADO,ARQUIVO PDF,SUBPROJETO_3_(MARIA_ELINA)_2021_ARTIGO-7,BIOFILME; CONSERVAÇÃO; ESPÉCIE AMEAÇADA; RIACHOS HIPÓGEOS; VARIAÇÃO MORFOLÓGICA; AMBIENTE SUBTERRÂNEO; TROGLÓBIO,,,,,,,,,,,,,,,
TCCE 2/2020,SUBPROJETO 3,"OSÉIAS MARTINS MAGALHÃES, ISABELLE DA ROCHA SILVA CORDEIRO, MARIA ELINA BICHUETTE, FELIPE FERRAZ FIGUEIREDO MOREIRA","NEW RECORDS OF CAVE-INHABITING GERROMORPHA (INSECTA, HEMIPTERA, HETEROPTERA) FROM BRAZIL",08/2021,PUBLICAÇÃO CIENTÍFICA (ARTIGOS),MEIO BIÓTICO,PUBLICADO,ARQUIVO PDF,SUBPROJETO_3_(MARIA_ELINA)_2021_ARTIGO-8,INSETOS CAVERNÍCOLAS; DISTRIBUIÇÃO GEOGRÁFICA; NEOTROPICAL; INSETOS SEMIAQUÁTICOS; AMÉRICA DO SUL; FAUNA SUBTERRÂNEA,,,,,,,,,,,,,,,
TCCE 2/2020,SUBPROJETO 3,"ANA LAURA MORAIS, MARIA ELINA BICHUETTE, AMAZONAS CHAGAS JÚNIOR, ANA LEAL-ZANCHET",UNDER THREAT: TWO NEW TROGLOBITIC SPECIES OF GIARDIA (PLATYHELMINTHES: TRICLADIDA) FROM SANDSTONE AND LIMSTONE CAVES IN BRAZIL,06/2021,PUBLICAÇÃO CIENTÍFICA (ARTIGOS),MEIO BIÓTICO,PUBLICADO,ARQUIVO PDF,SUBPROJETO_3_(MARIA_ELINA)_2021_ARTIGO-9,DUGESIIDAE; TRICLADIDA; FAUNA ESTIGOBIONTE; AMÉRICA DO SUL,,,,,,,,,,,,,,,
TCCE 2/2020,SUBPROJETO 3,"CECÍLIA VOLKMER RIBEIRO, MARIA DA CONCEIÇÃO TAVARES FRIGO, ALEXANDRE CUNHA RIBEIRO, MARIA ELINA BICHUETTE","ARINOSASTER PATRICIAE (PORIFERA, DEMOSPONGIAE): NEW GENUS AND SPECIES AND THE SECOND RECORD OF A CAVE FRESHWATER SPONGE DROM BRAZIL",01/2021,PUBLICAÇÃO CIENTÍFICA (ARTIGOS),MEIO BIÓTICO,PUBLICADO,ARQUIVO PDF,SUBPROJETO_3_(MARIA_ELINA)_2021_ARTIGO-10,BACIA AMAZÔNICA; CAVERNAS; ESPONJAS CONTINENTAL,,,,,,,,,,,,,,,
TCCE 2/2020,SUBPROJETO 3,MARIA ELINA BICHUETTE,A CONSERVATION ROADMAP FOR THE SUBTERRANEA BIOME,06/2021,PUBLICAÇÃO CIENTÍFICA (ARTIGOS),MEIO BIÓTICO,PUBLICADO,ARQUIVO PDF,SUBPROJETO_3_(MARIA_ELINA)_2021_ARTIGO-11,BIODIVERSIDADE; CAVERNAS; DIVERSIDADE BIOLÓGICA; HIPOGÊNICO; ESPÉCIE,,,,,,,,,,,,,,,
TCCE 2/2020,SUBPROJETO 3,"MARIA ELINA BICHUETTE, VINÍCIUS DA F. SPERANDEI, DEBORAH LEE V.B.V. BERTOLINI, PATRÍCIA X. A. SIMÃO, ARIADNE F. SABBAG","FROGS OF SEVEN GRANITIC CAVES ON SANTA CATARINA ISLAND, FLORIANÓPOLIS MUNICIPALITY, SANTA CATARINA STATE, SOTHERN BRAZIL",06/2022,PUBLICAÇÃO CIENTÍFICA (ARTIGOS),MEIO BIÓTICO,PUBLICADO,ARQUIVO PDF,SUBPROJETO_3_(MARIA_ELINA)_2022_ARTIGO-1,FLORESTA ATLÂNTICA; SAPOS; ROCHA ÍGNEA; CAVERNAS; AMBIENTE SUBTERRÂNEO,,,,,,,,,,,,,,,
TCCE 2/2020,SUBPROJETO 3,"IVANKLIN SOARES CAMPOS FILHO, JÉSSICA SCAGLIONE GALLO, JONAS EDUARDO GALLÃO, DAYANA FERREIRA TORRES, YESENIA M. CARPIO DIAZ, CARLOS MARIO LÓPEZ OROZCO, RICARDO BORJA ARRIETA, MARIA ELINA BICHUETTE","EXPANDING THE KNOLEDGE ON THE DIVERSITY OF THE CAVERNICOLOUS STYLONISCIDAE VANDEL, 1952 (ONISCIDEA, SYNOCHETA) FROM BRAZIL, WITH DESCRIPTIONS OF TWO NEW SPECIES FROM THE SEMIARID KARST REGIONS",05/2022,PUBLICAÇÃO CIENTÍFICA (ARTIGOS),MEIO BIÓTICO,PUBLICADO,ARQUIVO PDF,SUBPROJETO_3_(MARIA_ELINA)_2022_ARTIGO-2,GRUPO GEOMORFOLÓGICO AÇUNGUI; GRUPO GEOMORFOLÓGICO BAMBUÍ; GRUPO GEOMORFOLÓGICO CASA NOVA; CYLINDRONISCUS; NEOTROPICAL; PECTENONISCUS,,,,,,,,,,,,,,,
TCCE 2/2020,SUBPROJETO 3,"IVANKLIN SOARES CAMPOS FILHO, JÉSSICA SCAGLIONE GALLO, JONAS EDUARDO GALLÃO, DAYANA FERREIRA TORRES, YESENIA M. CARPIO DIAZ, CARLOS MARIO LÓPEZ OROZCO, RICARDO BORJA ARRIETA, MARIA ELINA BICHUETTE","UNIQUE AND FRAGILE DIVERSITY EMERGES FROM BRAZILIAN CAVES- TWO NEW AMPHIBIOUS SPECIES OF XANGONISCUS CAMPOS-FILHO, ARAÚJO & TAITI, 2014 (ONISCIDEA, STYLONISCIDAE) FROM SERRA DO RAMALHO KARST AREA, STATE OF BAHIA, BRAZIL",01/2022,PUBLICAÇÃO CIENTÍFICA (ARTIGOS),MEIO BIÓTICO,PUBLICADO,ARQUIVO PDF,SUBPROJETO_3_(MARIA_ELINA)_2022_ARTIGO-3,GRUPO GEOMORFOLÓGICO BAMBUÍ; CALCÁRIO; ISÓPODE TERRESTRE; TROGLÓBIO; AQUÍFERO,,,,,,,,,,,,,,,
TCCE 2/2020,SUBPROJETO 3,"RODRIGO B. SALVADOR, FERNANDA S. SILVA, DANIEL C. CAVALLARI, CARLO M. CUNHA, MARIA ELINA BICHUETTE",CAVE -DWELLING GASTROPODS (MOLLUSCA: GASTROPODA) OF BRAZIL: STATE OF THE ART AND CONSERVATION,07/2022,PUBLICAÇÃO CIENTÍFICA (ARTIGOS),MEIO BIÓTICO,PUBLICADO,ARQUIVO PDF,SUBPROJETO_3_(MARIA_ELINA)_2022_ARTIGO-4,CAENOGASTROPODA; FAUNA CAVERNÍCOLA; ENDEMISMO; STYLOMMATOPHORA; ESPÉCIE TROGLÓBIA,,,,,,,,,,,,,,,
TCCE 2/2020,SUBPROJETO 3,"RODRIGO B. SALVADOR, FERNANDA S. SILVA, MARIA ELINA BICHUETTE","NEW RECORDS OF LAND SNAIL SPECIES FROM CAVES OF MATO GROSSO STATE, MIDWEST BRAZIL (GASTROPODA, NERITIMORPHA AND STYLOMMATOPHORA)",11/2022,PUBLICAÇÃO CIENTÍFICA (ARTIGOS),MEIO BIÓTICO,PUBLICADO,ARQUIVO PDF,SUBPROJETO_3_(MARIA_ELINA)_2022_ARTIGO-5,ESPÉCIE SUBTERRÂNEA; CERRADO; HELICINIDAE; SCOLODONTIDAE; STREPTAXIDAE,,,,,,,,,,,,,,,
TCCE 2/2020,SUBPROJETO 3,"IGOR CIZAUKAS, DANIELE POLOTOW, JONAS EDUARDO GALLÃO, ANTÔNIO D. BRESCOVIT",CTENUS IGATU SP. NOV. (ARANEAE: CTENIDAE): A NEW SUBTERRANEAN SPIDER FROM BRAZIL WITH AN ANALYSIS OF TROGLOMORPHIC TRAITS,03/2022,PUBLICAÇÃO CIENTÍFICA (ARTIGOS),MEIO BIÓTICO,PUBLICADO,ARQUIVO PDF,SUBPROJETO_3_(MARIA_ELINA)_2022_ARTIGO-6,CHAPADA DIAMANTINA; CTENINAE; BIOLOGIA SUBTERRÂNEA; TROGLÓBIO,,,,,,,,,,,,,,,
TCCE 2/2020,SUBPROJETO 3,"THAÍS GIOVANNI PELEGRINI, MARIA ELINA BICHUETTE, LETÍCIA VIEIRA","COARAZUPHIUM BAMBUI (CARABIDAE: ZUPHIINI), A NEW CAVE-DWELLING BEETLE FROM THE THREATENED REGION OF SERRA DO RAMALHO, BRAZIL",04/2022,PUBLICAÇÃO CIENTÍFICA (ARTIGOS),MEIO BIÓTICO,PUBLICADO,ARQUIVO PDF,SUBPROJETO_3_(MARIA_ELINA)_2022_ARTIGO-7,CAVERNÍCOLA; BESOURO TERRESTRE; TROGLÓBIO; CAVERNA; FLORESTAS TROPICAIS SECAS,,,,,,,,,,,,,,,
TCCE 2/2020,SUBPROJETO 3,"SERGEI I. GOLOVATCH, RODRIGO S. BOUZAN, JÉSSICA SCAGLIONE GALLO, MARIA ELINA BICHUETTE","A NEW GENUS AND TWO NEW SPECIES OF THE MILLIPEDE FAMILY CHELODESMIDAE FROM BAHIA STATE, NORTHEASTERN BRAZIL, INCLUDING A LIKELY TROGLOBIONT (DIPLOPODA, POLYDESMIDA)",06/2022,PUBLICAÇÃO CIENTÍFICA (ARTIGOS),MEIO BIÓTICO,PUBLICADO,ARQUIVO PDF,SUBPROJETO_3_(MARIA_ELINA)_2022_ARTIGO-8,TAXONÔMIA; HABITAT CAVERNÍCOLA; STRONGYLOSOMIDES; ROTUNDOTERGUM; CLIMA SEMI ÁRIDO,,,,,,,,,,,,,,,
TCCE 2/2020,SUBPROJETO 3,"SERGEI I. GOLOVATCH, JÉSSICA SCAGLIONE GALLO, MARIA ELINA BICHUETTE","TWO NEW SPECIES OF THE MILLIPEDE FAMILY PARADOXOSOMATIDAE FROM BAHIA STATE, NORTHEASTERN BRAZIL, INCLUDING A REMARKABLE PRESUMED TROGLOBIONT (DIPLOPODA: POLYDESMIDA)",05/2022,PUBLICAÇÃO CIENTÍFICA (ARTIGOS),MEIO BIÓTICO,PUBLICADO,ARQUIVO PDF,SUBPROJETO_3_(MARIA_ELINA)_2022_ARTIGO-9,TAXONÔMIA; HABITAT CAVERNÍCOLA; IULIDESMUS; ONCIUROSOMA; CLIMA SEMI ÁRIDO,,,,,,,,,,,,,,,
TCCE 2/2020,SUBPROJETO 3,"SERGEI I. GOLOVATCH, JÉSSICA SCAGLIONE GALLO, MARIA ELINA BICHUETTE","TWO NEW SPECIES OF THE MILLIPEDE FAMILY TRICHOPOLYDESMIDAE FROM BAHIA STATE, NORTHEASTERN BRAZIL, INCLUDING A REMARKABLE THREATENED TROGLOBIONT (DIPLOPODA, POLYDESMIDA)",03/2022,PUBLICAÇÃO CIENTÍFICA (ARTIGOS),MEIO BIÓTICO,PUBLICADO,ARQUIVO PDF,SUBPROJETO_3_(MARIA_ELINA)_2022_ARTIGO-10,TAXONÔMIA; HABITAR CAVERNÍCOLA; PHANEROMERIUM; MOOJENODESMUS; CLIMA SEMI ÁRIDO,,,,,,,,,,,,,,,
TCCE 2/2020,SUBPROJETO 3,"RODRIGO B. SALVADOR, FERNANDA S. SILVA, MARIA ELINA BICHUETTE","PHYLOGENETIC POSITION OF THE RELICT SOUTH AMERICAN GENUS IDIOPYRGUS PILSBRY, 1911 (GASTROPODA, TRUNCATELLOIDEA), WITH THE DESCRIPTION OF TWO NEW CAVE SPECIES",09/2022,PUBLICAÇÃO CIENTÍFICA (ARTIGOS),MEIO BIÓTICO,PUBLICADO,ARQUIVO PDF,SUBPROJETO_3_(MARIA_ELINA)_2022_ARTIGO-11,CARNOGASTROPODA; GONDWANA; FILOGENIA MOLECULAR; POMATIOPSIDAE; TOMICHIIDAE,,,,,,,,,,,,,,,
TCCE 2/2020,SUBPROJETO 3,"ALESSANDRA A. P. BUENO, MARIA ELINA BICHUETTE, TAMIRES ZEPON, LUDMILA ROCHA PENONI","A NEW SPECIES OF THE TROGLOBITIC GENUS SPELAEOGAMMARUS DA SILVA BRUM, 1975 (AMPHIPODA: ARTESIIDAE) FROM A CAVE IN THE BRAZILIAN SEMI-ARID REGION, WITH NEW RECORDS OF ITS CONGENER, SPELAEOGAMMARUS SPINILACERTUS KOENEMANN AND HOLSINGER, 2000",06/2022,PUBLICAÇÃO CIENTÍFICA (ARTIGOS),MEIO BIÓTICO,PUBLICADO,ARQUIVO PDF,SUBPROJETO_3_(MARIA_ELINA)_2022_ARTIGO-12,AMPHIPODA; CONSERVAÇÃO; BAHIA; SUBTERRÂNEO; TAXONÔMIA,,,,,,,,,,,,,,,
TCCE 2/2020,SUBPROJETO 3,"IVANKLIN SOARES CAMPOS FILHO, AMAZONAS CHAGAS JÚNIOR, MARIA ELINA BICHUETTE","A NEW SPECIES OF METAPROSEKIA LEISTIKOW, 2000 (ONISCIDEA, PHILOSCIIDAE) FROM CAVES OF THE STATE OF MATO GROSSO, BRAZIL",03/2023,PUBLICAÇÃO CIENTÍFICA (ARTIGOS),MEIO BIÓTICO,PUBLICADO,ARQUIVO PDF,SUBPROJETO_3_(MARIA_ELINA)_2023_ARTIGO-1,ISÓPODES TERRESTRES; ESPÉCIE TROGLÓBIA; FAUNA CAVERNÍCOLA; FORMAÇÃO UTIARITI; NEOTROPICAL,,,,,,,,,,,,,,,
TCCE 2/2020,SUBPROJETO 3,"DAHIANA ARCILA, MELISSA RINCON SANDOVAL, WILLIAM HANSON, PAMELA B. HART, VANESSA L. GONZÁLEZ, RICARDO BETANCUR, MARIA ELINA BICHUETTE","TRANSCRIPTOMIC ANALYSIS OF THE BRAZILIAN BLIND CHARACID, STYGICHTHYS TYPHLOPS, REVEALS CONVERGENTE SELECTION WITH ASTYANAX MEXICANUS AND OTHER CAVEFISHES",05/2023,PUBLICAÇÃO CIENTÍFICA (ARTIGOS),MEIO BIÓTICO,PUBLICADO,ARQUIVO PDF,SUBPROJETO_3_(MARIA_ELINA)_2023_ARTIGO-2,CHARACIDAE; PEIXES CAVERNÍCOLAS; SEQUÊNCIA RNA; DIFERENCIAL DE EXPRESSÃO GÊNICA,,,,,,,,,,,,,,,
TCCE 2/2020,SUBPROJETO 3,"IVANKLIN SOARES CAMPOS FILHO, CARLOS MARIO LÓPEZ OROZCO, YESENIA M. CARPIO DIAZ, RICARDO BORJA ARRIETA, JONAS EDUARDO GALLÃO, MARIA ELINA BICHUETTE","EVERYTHING IS SIMILAR, EVERYTHING IS DIFFERENT! TRICHORHINA BUDDE-LUND, 1908 (ONISCIDEA, PLATYARTHRIDAE) FROM BRAZILIAN CAVES, WITH DESCRIPTIONS OF 11 NEW SPECIES",05/2023,PUBLICAÇÃO CIENTÍFICA (ARTIGOS),MEIO BIÓTICO,PUBLICADO,ARQUIVO PDF,SUBPROJETO_3_(MARIA_ELINA)_2023_ARTIGO-3,ISÓPODES TERRESTRES; HABITANTES DE CAVERNAS; AMBIENTES SUBTERRÂNEOS; NEOTROPICAL,,,,,,,,,,,,,,,
TCCE 2/2020,SUBPROJETO 3,"RODRIGO B. SALVADOR, FERNANDA S. SILVA, MARIA ELINA BICHUETTE","TAXONOMIC STUDY ON A COLLECTION OF TERRESTRIAL AND FRESHWATER GASTROPODS FROM CAVES IN BAHIA STATE, BRAZIL, WITH THE DESCRIPTION OF A NEW SPECIES",03/2023,PUBLICAÇÃO CIENTÍFICA (ARTIGOS),MEIO BIÓTICO,PUBLICADO,ARQUIVO PDF,SUBPROJETO_3_(MARIA_ELINA)_2023_ARTIGO-4,CAENOGASTROPODA; ESPÉCIE ENDÊMICA; NERITIMORPHA; STYLOMMATOPHORA; TROGLOFAUNA,,,,,,,,,,,,,,,
TCCE 2/2020,SUBPROJETO 3,"JONAS EDUARDO GALLÃO, DEYVISON BONFIM RIBEIRO, JÉSSICA SCAGLIONE GALLO, MARIA ELINA BICHUETTE","THERE AND BACK AGAIN - THE IGATU HOTSPOT SILICICLASTIC CAVES: EXPANDING THE DATA FOR SUBTERRANEAN FAUNA IN BRAZIL, CHAPADA DIAMANTINA REGION",09/2023,PUBLICAÇÃO CIENTÍFICA (ARTIGOS),MEIO BIÓTICO,PUBLICADO,ARQUIVO PDF,SUBPROJETO_3_(MARIA_ELINA)_2023_ARTIGO-5,BIODIVERSIDADE SUBTERRÂNEA; CONSERVAÇÃO; BAHIA; NORDESTE BRASILEIRO,,,,,,,,,,,,,,,
TCCE 2/2020,SUBPROJETO 3,"LETÍCIA APARECIDA DE OLIVEIRA, DANIELA HOYOS BENJUMEA, TAMIRES ZEPON, MARIA ELINA BICHUETTE, LETÍCIA VIEIRA",NEW RECORDS OF GROUND BEETLES GENERA (COLEOPTERA: CARABIDAE: SCARITINAE: CLIVININI) FROM BRAZILIAN CAVES,12/2023,PUBLICAÇÃO CIENTÍFICA (ARTIGOS),MEIO BIÓTICO,PUBLICADO,ARQUIVO PDF,SUBPROJETO_3_(MARIA_ELINA)_2023_ARTIGO-6,ARDISTOMINA; CLIVININA; ESPÉCIES CAVERNÍCOLAS; FORCIPATORINA; REICHEIINA,,,,,,,,,,,,,,,
TCCE 2/2020,SUBPROJETO 3,"LEONARDO DE ASSIS, DIEGO MONTEIRO VON SCHIMONSKY, JONAS EDUARDO GALLÃO, MARIA ELINA BICHUETTE","CONTRIBUTION TO THE KNOWLEDGE OF BRAZILIAN TROGLOBITIC PSEUDOSCORPIONES (ARACHNIDA): DESCRIPTION OF PSEUDOCHTHONIUS LUBUENO SP. NOV. (CHTHONIIDAE) FROM SERRA DO RAMALHO KARST AREA, STATE OF BAHIA, BRAZIL",09/2023,PUBLICAÇÃO CIENTÍFICA (ARTIGOS),MEIO BIÓTICO,PUBLICADO,ARQUIVO PDF,SUBPROJETO_3_(MARIA_ELINA)_2023_ARTIGO-7,CAVERNAS; NORDESTE BRASILEIRO; SUBTERRÂNEO; TAXONÔMIA; TROGLOMÓRFICO,,,,,,,,,,,,,,,
TCCE 2/2020,SUBPROJETO 3,"DAPHNE SOARES, KATHRYN GALLMAN, MARIA ELINA BICHUETTE, ERIC S. FORTUNE",ADAPTIVE SHIFT OF ACTIVE ELECTRORECEPTION IN WEAKLY ELETRIC FISH FOR TROGLOBITIC LIFE,09/2023,PUBLICAÇÃO CIENTÍFICA (ARTIGOS),MEIO BIÓTICO,PUBLICADO,ARQUIVO PDF,SUBPROJETO_3_(MARIA_ELINA)_2023_ARTIGO-8,CAVERNAS; PEIXE ELÉTRICO; EVOLUÇÃO; EOD; TERRITÓRIO; TROGLOMORFISMO,,,,,,,,,,,,,,,
TCCE 2/2020,SUBPROJETO 3,"ISABELLE DA ROCHA SILVA CORDEIRO, MARIA ELINA BICHUETTE, FELIPE FERRAZ FIGUEIREDO MOREIRA","A NEW SPECIES OF SPELAEOMETRA POLHEMUS & FERREIRA, 2018 (HEMIPTERA: HETEROPTERA: HYDROMETRIDAE) FROM A HOTSPOT OF TROGLOBITES IN BRAZIL, SERRA DO RAMALHO KARST AREA",10/2023,PUBLICAÇÃO CIENTÍFICA (ARTIGOS),MEIO BIÓTICO,PUBLICADO,ARQUIVO PDF,SUBPROJETO_3_(MARIA_ELINA)_2023_ARTIGO-9,CAVERNAS; INSETOS SEMIAQUÁTICOS; TAXONÔMIA; TROGLOMORFISMO,,,,,,,,,,,,,,,
TCCE 2/2020,SUBPROJETO 3,"ROGÉRIO BERTANI, MARIA ELINA BICHUETTE, LÍVIA MEDEIROS CORDEIRO, JONAS EDUARDO GALLÃO","THREE NEW SPECIES OF LOXOSCELES HEINECKEN & LOWE, 1832 (ARANEAE, SICARIIDAE) FROM BRAZILIAN CAVES",02/2025,PUBLICAÇÃO CIENTÍFICA (ARTIGOS),MEIO BIÓTICO,PUBLICADO,ARQUIVO PDF,SUBPROJETO_3_(MARIA_ELINA)_2024_ARTIGO-1,SERRA DA BODOQUENA; SERRA DO RAMALHO. TROGLÓBIO,,,,,,,,,,,,,,,
TCCE 2/2020,SUBPROJETO 3,MARIA ELINA BICHUETTE,"IT'S TIME FOR DINNER, A PARTICULAR AND SEASONAL FEEDING HABIT OF A THREATENED TROGLOBITIC CATFISH FROM BRAZIL, RHAMDIOPSIS KRUGI BOCKMANN & CASTRO 2010 (OSTARYOPHYSI, SILURIFORMES)",12/2024,PUBLICAÇÃO CIENTÍFICA (ARTIGOS),MEIO BIÓTICO,PUBLICADO,ARQUIVO PDF,SUBPROJETO_3_(MARIA_ELINA)_2024_ARTIGO-2,PEIXE CAVERNÍCOLA; GUANO; REPRODUÇÃO; HEPTAPTERIDAE; CHAPADA DIAMANTINA; BAHIA,,,,,,,,,,,,,,,
TCCE 2/2020,SUBPROJETO 3,"DIVA MARIA BORGES, MARIA ELINA BICHUETTE, AMAZONAS CHAGAS JÚNIOR",CRYPTOPS (TRIGONOCRYPTOPS) DIDI SP. N. (CHILOPODA: SCOLOPENDROMORPHA: CRYPTOPIDAE): EXPANDING THE CRYPTOPID BIODIVERSITY IN A BRAZILIAN HOTSPOT OF SUBTERRANEAN FAUNA,08/2024,PUBLICAÇÃO CIENTÍFICA (ARTIGOS),MEIO BIÓTICO,PUBLICADO,ARQUIVO PDF,SUBPROJETO_3_(MARIA_ELINA)_2024_ARTIGO-3,CAVERNAS BRASILEIRAS; CENTIPEDE; TROGLOMÓRFICO; ALTO RIBEIRA; CARSTE,,,,,,,,,,,,,,,
TCCE 2/2020,SUBPROJETO 3,"NATÁLIA N. KATO, GABRIEL S. ARINI, RICARDO ROBERTO SILVA, MARIA ELINA BICHUETTE, JOSÉ AUGUSTO PIRES BITENCOURT, NORBERTO P. LOPES","THE WORLD OF CAVE MICROBIOMES: BIODIVERSITY, ECOLOGICAL INTERACTIONS, CHEMISTRY, AND THE MULTI-OMICS INTEGRATION",01/2024,PUBLICAÇÃO CIENTÍFICA (ARTIGOS),MEIO BIÓTICO,PUBLICADO,ARQUIVO PDF,SUBPROJETO_3_(MARIA_ELINA)_2024_ARTIGO-4,CAVERNAS; METAGENOMAS; METABOLISMO; PROCARIONTES; METABOLITOS; MULTI-OMICS,,,,,,,,,,,,,,,
TCCE 2/2020,SUBPROJETO 3,"CARLOS MARIO LÓPEZ OROZCO, RICARDO BORJA ARRIETA, YESENIA M. CARPIO DIAZ, JONAS EDUARDO GALLÃO, IVANKLIN SOARES CAMPOS FILHO, MARIA ELINA BICHUETTE","DESCRIBING TO PRESERVE - THREE NEW SPECIES OF XANGONISCUS (ONISCIDEA, STYLONISCIDAE) OF UNPROTECTED CAVES IN DRY AREAS FROM BAHIA STATE, NORTHEASTERN BRAZIL",12/2024,PUBLICAÇÃO CIENTÍFICA (ARTIGOS),MEIO BIÓTICO,PUBLICADO,ARQUIVO PDF,SUBPROJETO_3_(MARIA_ELINA)_2024_ARTIGO-5,ONISCIDEA; CERRADO; CAATINGA; TROGLÓBIO; WOODLICE,,,,,,,,,,,,,,,
TCCE 2/2020,SUBPROJETO 3,"CARLOS MARIO LÓPEZ OROZCO, IVANKLIN SOARES CAMPOS FILHO, LÍVIA MEDEIROS CORDEIRO, JONAS EDUARDO GALLÃO, YESENIA M. CARPIO DIAZ, RICARDO BORJA ARRIETA, MARIA ELINA BICHUETTE","FIRST AMPHIBIOUS CRINOCHETA (ISOPODA, ONISCIDEA) FROM THE NEOTROPICS WITH A TROGLOBITIC STATUS: A RELICTUAL DISTRIBUTION",12/2024,PUBLICAÇÃO CIENTÍFICA (ARTIGOS),MEIO BIÓTICO,PUBLICADO,ARQUIVO PDF,SUBPROJETO_3_(MARIA_ELINA)_2024_ARTIGO-6,FAUNA CAVERNÍCOLA; NOVO GÊNERO; NOVA ESPÉCIE; SERRA DA BODOQUENA; SUDOESTE BRASILEIRO; ISÓPODE TERRESTRE; ESPÉCIES TROGLÓBIAS,,,,,,,,,,,,,,,
TCCE 2/2020,SUBPROJETO 3,"CARLOS MARIO LÓPEZ OROZCO, IVANKLIN SOARES CAMPOS FILHO, JÉSSICA SCAGLIONE GALLO, JONAS EDUARDO GALLÃO, YESENIA M. CARPIO DIAZ, RICARDO BORJA ARRIETA, MARIA ELINA BICHUETTE","IRON-ISOPODS: NEW RECORDS AND NEW SPECIES OF TERRESTRIAL ISOPODS (ISOPODA, ONICIDEA) FROM BRAZILIAN AMAZON IRON ORE CAVES",02/2024,PUBLICAÇÃO CIENTÍFICA (ARTIGOS),MEIO BIÓTICO,PUBLICADO,ARQUIVO PDF,SUBPROJETO_3_(MARIA_ELINA)_2024_ARTIGO-7,NEOTROPICAL; CAVERNAS FERRUGIONOSAS; PARAUAPEBAS; CANAÃ DOS CARAJÁS; WOODLICE,,,,,,,,,,,,,,,
TCCE 2/2020,SUBPROJETO 3,"MISAEL A. OLIVEIRA-NETO, ESTEVAM C.A. DE LIMA, BRUNA C. H. LOPES, JONAS EDUARDO GALLÃO, LUIS C. STIEVANO, CELIA C. C. MACHADO, MARIA ELINA BICHUETTE, DOUGLAS ZEPPELINI",PSEUDOSCORPIONES (ARACHNIDA) OF THE BRAZILIAN OCEANIC ISLANDS,04/2024,PUBLICAÇÃO CIENTÍFICA (ARTIGOS),MEIO BIÓTICO,PUBLICADO,ARQUIVO PDF,SUBPROJETO_3_(MARIA_ELINA)_2024_ARTIGO-8,ARQUIPÉLOGO DE FERNANDO DE NORONHA; NOVAS OCORRÊNCIAS; PSEUDOESCROPIÕES; DISTRIBUIÇÃO; CONSERVAÇÃO; ATLÂNTICO SUL,,,,,,,,,,,,,,,
TCCE 2/2020,SUBPROJETO 3,"MARIA PAULA PEREIRA, JONAS EDUARDO GALLÃO, MARIA ELINA BICHUETTE, ABEL PÉREZ-GONZÁLEZ","HIDDEN IN THE CAVES: A NEW TROGLOBITIC SPECIES OF SPAELEOLEPTES AND THE TYPE SPECIES REDESCRIPTION (OPILIONES, LANIATORES)",01/2024,PUBLICAÇÃO CIENTÍFICA (ARTIGOS),MEIO BIÓTICO,PUBLICADO,ARQUIVO PDF,SUBPROJETO_3_(MARIA_ELINA)_2024_ARTIGO-9,NEOTROPICAL; ZALMOXOIDEA; RELÍCTO; DIMORFISMO SEXUAL; ESPÉCIES CAVERNÍCOLAS,,,,,,,,,,,,,,,
TCCE 2/2020,SUBPROJETO 3,"PEDRO P. RIZZATO, MARIA ELINA BICHUETTE","GROSS MORPHOLOGY OF THE BRAIN AND SOME SENSE ORGANS OF SUBTERRANEAN PENCIL CATFISHES OF THE GENUS ITUGLANIS COSTA AND BOCKMANN, 1993 (SILURIFORMES, TRICHOMYCTERIDAE), WITH A DISCUSSION ON SENSORY COMPENSATION VERSUS PREADAPTION IN SUBTERRANEAN FISHES",01/2024,PUBLICAÇÃO CIENTÍFICA (ARTIGOS),MEIO BIÓTICO,PUBLICADO,ARQUIVO PDF,SUBPROJETO_3_(MARIA_ELINA)_2024_ARTIGO-10,ADAPTAÇÃO; PEIXE CAVERNÍCOLA; PREDAÇÃO; COMPENSAÇÃO; EVOLUÇÃO; TROGLOMORFISMO,,,,,,,,,,,,,,,
TCCE 2/2020,SUBPROJETO 3,"LÍGIA MARIA SABACK MOREIRA DORNELLAS, PEDRO GIOVÂNI DA SILVA, MARIA ELINA BICHUETTE, AUGUSTO SARREIRO AULER, DAVID C. CULVER, TANJA PIPAN, LORENA OLIVEIRA PIRES, FREDERICO DE SIQUEIRA NEVES",SPATIOTEMPORAL DISTRIBUTION OF INVERTEBRATE FAUNA IN A MESOVOID SHALLOW SUBSTRATUM IN IRON FORMATIONS,01/2024,PUBLICAÇÃO CIENTÍFICA (ARTIGOS),MEIO BIÓTICO,PUBLICADO,ARQUIVO PDF,SUBPROJETO_3_(MARIA_ELINA)_2024_ARTIGO-11,FORMAÇÃO FERRÍFERA; MSS; RIGÃO SUL DO ESPINHAÇO; TROGLÓBIO; DIVERSIDADE BETA; CONECTIVIDADE,,,,,,,,,,,,,,,
TCCE 2/2020,SUBPROJETO 3,MARIA ELINA BICHUETTE,GROUNDWATER IS A HIDDEN GLOBAL KEYSTONE ECOSYSTEM,11/2023,PUBLICAÇÃO CIENTÍFICA (ARTIGOS),MEIO BIÓTICO,PUBLICADO,ARQUIVO PDF,SUBPROJETO_3_(MARIA_ELINA)_2024_ARTIGO-12,BIODIVERSIDADE; BIOMAS; MUDANÇAS CLIMÁTICAS; CONSERVAÇÃO; ECOLOGIA; ECOSSISTEMAS; SUBTERRÂNEO; CICLO D'ÁGUA,,,,,,,,,,,,,,,
TCCE 2/2020,SUBPROJETO 3,"RODRIGO B. SALVADOR, MARIA ELINA BICHUETTE","IDIOPYRGYS PILSBRY, 1911 (GASTROPODA, TOMICHIIDAE): A RELICT GENUS RADIATING INTO SUBTERRANEAN ENVIRONMENTS",11/2024,PUBLICAÇÃO CIENTÍFICA (ARTIGOS),MEIO BIÓTICO,PUBLICADO,ARQUIVO PDF,SUBPROJETO_3_(MARIA_ELINA)_2024_ARTIGO-13,BRASIL; CAENOGASTROPODA; GONDWANA; FILOGÊNIA MOLECULAR; SPIRIPOCKIA; TROGLOFAUNA; TRUNCATELLOIDEA,,,,,,,,,,,,,,,
TCCE 2/2020,SUBPROJETO 3,"RODRIGO B. SALVADOR, FERNANDA S. SILVA, DANIEL C. CAVALLARI, CARLO M. CUNHA, MARIA ELINA BICHUETTE, ADIVANE MORAIS NOGUEIRA",CAVE-DWELLING GASTROPODS OF BRAZIL: A REPLY TO FERREIRA ET AL. (2023),06/2024,PUBLICAÇÃO CIENTÍFICA (ARTIGOS),MEIO BIÓTICO,PUBLICADO,ARQUIVO PDF,SUBPROJETO_3_(MARIA_ELINA)_2024_ARTIGO-14,ENDEMISMO; CONSERVAÇÃO; GASTROPODA; TROGLÓBIOS; ESPÉCIES TROGLÓBIA,,,,,,,,,,,,,,,
TCCE 2/2020,SUBPROJETO 3,"TAMIRES ZEPON, MARIA ELINA BICHUETTE",THE ROLE OF TURNOVER IN STRUCTURING SUBTERRANEAN AQUATIC COMMUNITIES IN SOUTHEASTERN BRAZIL,12/2024,PUBLICAÇÃO CIENTÍFICA (ARTIGOS),MEIO BIÓTICO,PUBLICADO,ARQUIVO PDF,SUBPROJETO_3_(MARIA_ELINA)_2024_ARTIGO-15,VARIÁVEIS ABIÓTICAS; BETA DIVERSIDADE; CAVERNAS; CONSERVAÇÃO; DISPERSÃO; BACIAS RIOS,,,,,,,,,,,,,,,
TCCE 2/2020,SUBPROJETO 3,"ANA LAURA MORAIS, GIULY G. ITURRALDE, DIANA J. K. ALMEIDA, MARIA ELINA BICHUETTE, JONAS EDUARDO GALLÃO, ANA LEAL-ZANCHET, VICTOR H. VALIATI",THE REMARKABLE RICHNESS OF GIRARDIA (PLATYHELMINTHES: TRICLADIDA) IN BRAZILIAN SUBTERRANEAN HABITATS: TWO NEW SPECIES FROM SANDSTONE AND LIMESTONE CAVES,11/2024,PUBLICAÇÃO CIENTÍFICA (ARTIGOS),MEIO BIÓTICO,PUBLICADO,ARQUIVO PDF,SUBPROJETO_3_(MARIA_ELINA)_2025_ARTIGO-1,PLANÁRIA; CAVERNAS; CALCÁRIO; ARENITO; BAHIA; AMÉRICA DO SUL,,,,,,,,,,,,,,,
TCCE 2/2020,SUBPROJETO 3,"LUDMILA ROCHA PENONI, MARIA ELINA BICHUETTE, GABRIEL LUCAS BOCHINI, FERNANDO L. MANTELATTO, ALESSANDRA A. P. BUENO","INTEGRATIVE TAXONOMY REVEALS A NEW SPECIES OF HYALELLA SMITH, 1874 (MALACOSTRACA: AMPHIPODA: HYALELLIDAE) FROM CAVES IN SOUTHEASTERN BRAZIL",01/2025,PUBLICAÇÃO CIENTÍFICA (ARTIGOS),MEIO BIÓTICO,PUBLICADO,ARQUIVO PDF,SUBPROJETO_3_(MARIA_ELINA)_2025_ARTIGO-2,TAXONÔMIA INTEGRATIVA; ANFÍPODOS HIPOGENOS; DIVERSIDADE SUBTERRANEAN,,,,,,,,,,,,,,,/
TCCE 2/2020,SUBPROJETO 3,"LUDMILA ROCHA PENONI, MARIA ELINA BICHUETTE, RAYSSA KAROLINA FERREIRA, ALESSANDRA A. P. BUENO","NEW SPECIES OF HYALELLA SMITH, 1874 (CRUSTACEA: AMPHIPODA: HYALELLIDAE): CONTRIBUTION TO THE KNOWLEDGE OF A WIDELY DISTRIBUTES GENUS IN THE UPPER RIBEIRA KARST, WITH REDESCRIPTION OF THE RARE AND ENDANGERED HYALELLA CAECA PEREIRA, 1989",01/2025,PUBLICAÇÃO CIENTÍFICA (ARTIGOS),MEIO BIÓTICO,PUBLICADO,ARQUIVO PDF,SUBPROJETO_3_(MARIA_ELINA)_2025_ARTIGO-3,ANFÍPODOS DE CAVERNAS; CRUSTÁCEO; MORFOLOGIA; TAXONOMIA; BRAZIL,,,,,,,,,,,,,,,
TCCE 2/2020,SUBPROJETO 3,"TAMIRES ZEPON, ROBERTA MAFRA FREITAS DA SILVA, MARIA ELINA BICHUETTE",DIVERSITY AND DISTRIBUTION OF AQUATIC BEETLES (INSECTA: COLEOPTERA) IN BRAZILIAN CAVES BASED ON THE ZOOLOGICAL COLLECTION OF THE LABORATÓRIO DE ESTUDOS SUBTERRÂNEOS (LES) OF THE UNIVERSIDADE FEDERAL DE SÃO CARLOS (UFSCar),01/2025,PUBLICAÇÃO CIENTÍFICA (ARTIGOS),MEIO BIÓTICO,PUBLICADO,ARQUIVO PDF,SUBPROJETO_3_(MARIA_ELINA)_2025_ARTIGO-4,CAVERNAS; NOVA OCORRÊNCIA; SUBTRATO; TROGLÓBIO; FLUXO DE ÁGUA,,,,,,,,,,,,,,,
TCCE 2/2020,SUBPROJETO 3,"MARCUS VINÍCIUS DA SILVA AGUA DUARTE, JONAS EDUARDO GALLÃO, MARIA ELINA BICHUETTE",BRAZILIAN TROGLOPHILIC BIODIVERSITY: A NEGLECTED FAUNA IN CONSERVATION ACTIONS,12/2025,PUBLICAÇÃO CIENTÍFICA (ARTIGOS),MEIO BIÓTICO,PUBLICADO,LINK WEB PAGE,https://www.scielo.br/j/bn/a/JMVR3wS75yDLmrQbjNdcq4H/?lang=en,TROGLÓFILOS; FAUNA CAVERNÍCOLA; LEVANTAMENTO; BRASIL; SHORTFALL; BioTroglophileBR,,,,,,,,,,,,,,,
TCCE 2/2020,SUBPROJETO 3,"JHAVANA FERRO PALOMINO, TAMIRES ZEPON, MARIA ELINA BICHUETTE",ANIMAIS DA CAVERNA DO DIABO,12/2023,MATERIAL EDUCATIVO (CARTILHA),MEIO BIÓTICO,PRODUZIDO,ARQUIVO PDF,SUBPROJETO_3_(MARIA_ELINA)_CARTILHA-14,MINIGUIA; UFSCAR; CAVERNAS,,,,,,,,,,,,,,,
TCCE 2/2020,SUBPROJETO 3,"LAURA FERREIRA SANTOS, RODRIGO B. SALVADOR, DANIEL C. CAVALLARI, FERNANDA S. SILVA, MARIA ELINA BICHUETTE",CONCHAS DO PEI & PETAR,12/2025,MATERIAL EDUCATIVO (CARTILHA),MEIO BIÓTICO,PRODUZIDO,ARQUIVO PDF,SUBPROJETO_3_(MARIA_ELINA)_CARTILHA-15,MINIGUIA; UFSCAR; CAVERNAS,,,,,,,,,,,,,,,
TCCE 2/2020,SUBPROJETO 3,"CARLOS MARIO LÓPEZ OROZCO, EMILY OLIVEIRA FONSECA, RICARDO BORJA ARRIETA, YESENIA M. CARPIO DIAZ, MARIA ELINA BICHUETTE","TATUZINHOS DO SISTEMA AREIAS, PETAR: OS EMBLEMÁTICOS CRUSTÁCEOS TERRESTRES",12/2025,MATERIAL EDUCATIVO (CARTILHA),MEIO BIÓTICO,PRODUZIDO,ARQUIVO PDF,SUBPROJETO_3_(MARIA_ELINA)_CARTILHA-16,MINIGUIA; UFSCAR; CAVERNAS,,,,,,,,,,,,,,,
TCCE 2/2020,SUBPROJETO 3,"JHAVANA FERRO PALOMINO, MARIA ELINA BICHUETTE",SERRA DO RAMALHO E SEUS TESOUROS SUBTERRÂNEOS,12/2025,MATERIAL EDUCATIVO (CARTILHA),MEIO BIÓTICO,PRODUZIDO,ARQUIVO PDF,SUBPROJETO_3_(MARIA_ELINA)_CARTILHA-17,MINIGUIA; UFSCAR; CAVERNAS,,,,,,,,,,,,,,,
TCCE 2/2020,SUBPROJETO 3,MARIA ELINA BICHUETTE,ANFÍPODES TROGLOMÓRFICOS NO BRASIL,04/2025,MATERIAL EDUCATIVO (PÔSTER/FOLDER),MEIO BIÓTICO,PRODUZIDO,ARQUIVO PDF,SUBPROJETO_3_(MARIA_ELINA)_FOLDER-1,FOLDER; UFSCAR; CAVERNAS,,,,,,,,,,,,,,,
TCCE 2/2020,SUBPROJETO 3,MARIA ELINA BICHUETTE,MORCEGOS - OS HERÓIS INVISÍVEIS DA NATUREZA,04/2025,MATERIAL EDUCATIVO (PÔSTER/FOLDER),MEIO BIÓTICO,PRODUZIDO,ARQUIVO PDF,SUBPROJETO_3_(MARIA_ELINA)_FOLDER-2,FOLDER; UFSCAR; CAVERNAS,,,,,,,,,,,,,,,
TCCE 2/2020,SUBPROJETO 3,MARIA ELINA BICHUETTE,CAVERNAS - AS JANELAS PARA O MUNDO SUBTERRÂNEO,04/2025,MATERIAL EDUCATIVO (PÔSTER/FOLDER),MEIO BIÓTICO,PRODUZIDO,ARQUIVO PDF,SUBPROJETO_3_(MARIA_ELINA)_FOLDER-3,FOLDER; UFSCAR; CAVERNAS,,,,,,,,,,,,,,,
TCCE 2/2020,SUBPROJETO 3,MARIA ELINA BICHUETTE,CADEIAS ALIMENTARES E CASCATAS TRÓFICAS EM CAVERNAS,04/2025,MATERIAL EDUCATIVO (PÔSTER/FOLDER),MEIO BIÓTICO,PRODUZIDO,ARQUIVO PDF,SUBPROJETO_3_(MARIA_ELINA)_FOLDER-4,FOLDER; UFSCAR; CAVERNAS,,,,,,,,,,,,,,,
TCCE 2/2020,SUBPROJETO 3,MARIA ELINA BICHUETTE,VOCÊ CONHECE OS TATUZINHOS DE JARDIM?,04/2025,MATERIAL EDUCATIVO (PÔSTER/FOLDER),MEIO BIÓTICO,PRODUZIDO,ARQUIVO PDF,SUBPROJETO_3_(MARIA_ELINA)_FOLDER-5,FOLDER; UFSCAR; CAVERNAS,,,,,,,,,,,,,,,
TCCE 2/2020,SUBPROJETO 3,MARIA ELINA BICHUETTE,MORCEGOS DA CAVERNA DO DIABO,04/2025,MATERIAL EDUCATIVO (PÔSTER/FOLDER),MEIO BIÓTICO,PRODUZIDO,ARQUIVO PDF,SUBPROJETO_3_(MARIA_ELINA)_FOLDER-6,FOLDER; UFSCAR; CAVERNAS,,,,,,,,,,,,,,,
TCCE 2/2020,SUBPROJETO 3,MARIA ELINA BICHUETTE,QUEM SÃO OS MIRIÁPODES?,04/2025,MATERIAL EDUCATIVO (PÔSTER/FOLDER),MEIO BIÓTICO,PRODUZIDO,ARQUIVO PDF,SUBPROJETO_3_(MARIA_ELINA)_FOLDER-7,FOLDER; UFSCAR; CAVERNAS,,,,,,,,,,,,,,,
TCCE 2/2020,SUBPROJETO 3,MARIA ELINA BICHUETTE,VOCÊ CONHECE OS PSEUDOESCORPIÕES?,04/2025,MATERIAL EDUCATIVO (PÔSTER/FOLDER),MEIO BIÓTICO,PRODUZIDO,ARQUIVO PDF,SUBPROJETO_3_(MARIA_ELINA)_FOLDER-8,FOLDER; UFSCAR; CAVERNAS,,,,,,,,,,,,,,,
TCCE 2/2020,SUBPROJETO 3,MARIA ELINA BICHUETTE,VOCÊ JÁ OUVIU FALAR DE COLLEMBOLA? - ACHERONTIDES ELEONORAE,04/2025,MATERIAL EDUCATIVO (CARTILHA),MEIO BIÓTICO,PRODUZIDO,ARQUIVO PDF,SUBPROJETO_3_(MARIA_ELINA)_CARTILHA-1,CARTILHA; CAVERNÍCOLA DA VEZ; UFSCAR; CAVERNAS,,,,,,,,,,,,,,,
TCCE 2/2020,SUBPROJETO 3,MARIA ELINA BICHUETTE,A PRIMEIRA ARANHA CTENIDAE TROGLÓBIA DA AMÉRICA DO SUL - CTENUS IGATU,04/2025,MATERIAL EDUCATIVO (CARTILHA),MEIO BIÓTICO,PRODUZIDO,ARQUIVO PDF,SUBPROJETO_3_(MARIA_ELINA)_CARTILHA-2,CARTILHA; CAVERNÍCOLA DA VEZ; UFSCAR; CAVERNAS,,,,,,,,,,,,,,,
TCCE 2/2020,SUBPROJETO 3,MARIA ELINA BICHUETTE,UM DOS OPILIÕES TROGLÓBIOS ENDÊMICOS DO BRASIL - IANDUMOEMA UAI,04/2025,MATERIAL EDUCATIVO (CARTILHA),MEIO BIÓTICO,PRODUZIDO,ARQUIVO PDF,SUBPROJETO_3_(MARIA_ELINA)_CARTILHA-3,CARTILHA; CAVERNÍCOLA DA VEZ; UFSCAR; CAVERNAS,,,,,,,,,,,,,,,
TCCE 2/2020,SUBPROJETO 3,MARIA ELINA BICHUETTE,O PRIMEIRO INVERTEBRADO TROGLÓBIO DO BRASIL - LEODESMUS YPORANGAE,04/2025,MATERIAL EDUCATIVO (CARTILHA),MEIO BIÓTICO,PRODUZIDO,ARQUIVO PDF,SUBPROJETO_3_(MARIA_ELINA)_CARTILHA-4,CARTILHA; CAVERNÍCOLA DA VEZ; UFSCAR; CAVERNAS,,,,,,,,,,,,,,,
TCCE 2/2020,SUBPROJETO 3,MARIA ELINA BICHUETTE,O MORCEGUINHO DO CERRADO! - LONCHOPHYLLA DEKEYSERI,04/2025,MATERIAL EDUCATIVO (CARTILHA),MEIO BIÓTICO,PRODUZIDO,ARQUIVO PDF,SUBPROJETO_3_(MARIA_ELINA)_CARTILHA-5,CARTILHA; CAVERNÍCOLA DA VEZ; UFSCAR; CAVERNAS,,,,,,,,,,,,,,,
TCCE 2/2020,SUBPROJETO 3,MARIA ELINA BICHUETTE,O PRIMEIRO TROGLÓBIO DESCRITO PARA CAVERNAS DO PIAUÍ - PECTENONISCUS FERVENS,04/2025,MATERIAL EDUCATIVO (CARTILHA),MEIO BIÓTICO,PRODUZIDO,ARQUIVO PDF,SUBPROJETO_3_(MARIA_ELINA)_CARTILHA-6,CARTILHA; CAVERNÍCOLA DA VEZ; UFSCAR; CAVERNAS,,,,,,,,,,,,,,,
TCCE 2/2020,SUBPROJETO 3,MARIA ELINA BICHUETTE,O BAGRE CEGO DE IPORANGE - PIMELODELLA KRONEI,04/2025,MATERIAL EDUCATIVO (CARTILHA),MEIO BIÓTICO,PRODUZIDO,ARQUIVO PDF,SUBPROJETO_3_(MARIA_ELINA)_CARTILHA-7,CARTILHA; CAVERNÍCOLA DA VEZ; UFSCAR; CAVERNAS,,,,,,,,,,,,,,,
TCCE 2/2020,SUBPROJETO 3,MARIA ELINA BICHUETTE,O PRIMEIRO PSEUDOESCORPIÃO TROGLÓBIO DO BRASIL! - PSEUDOCHTHONIUS STRINATII,04/2025,MATERIAL EDUCATIVO (CARTILHA),MEIO BIÓTICO,PRODUZIDO,ARQUIVO PDF,SUBPROJETO_3_(MARIA_ELINA)_CARTILHA-8,CARTILHA; CAVERNÍCOLA DA VEZ; UFSCAR; CAVERNAS,,,,,,,,,,,,,,,
TCCE 2/2020,SUBPROJETO 3,MARIA ELINA BICHUETTE,A PRIMEIRA ESPONJA CAVERNÍCOLA DA AMÉRICA DO SUL - RACEKIELA CAVERNICOLA,04/2025,MATERIAL EDUCATIVO (CARTILHA),MEIO BIÓTICO,PRODUZIDO,ARQUIVO PDF,SUBPROJETO_3_(MARIA_ELINA)_CARTILHA-9,CARTILHA; CAVERNÍCOLA DA VEZ; UFSCAR; CAVERNAS,,,,,,,,,,,,,,,
TCCE 2/2020,SUBPROJETO 3,MARIA ELINA BICHUETTE,"SPELAEOGAMMARUS GINAE (BUENO & PENONI, 2022)",04/2025,MATERIAL EDUCATIVO (CARTILHA),MEIO BIÓTICO,PRODUZIDO,ARQUIVO PDF,SUBPROJETO_3_(MARIA_ELINA)_CARTILHA-10,CARTILHA; CAVERNÍCOLA DA VEZ; UFSCAR; CAVERNAS,,,,,,,,,,,,,,,
TCCE 2/2020,SUBPROJETO 3,MARIA ELINA BICHUETTE,VOCÊ CONHECE A CABELUDA - SPHENDONONEMA GUILDINGII,04/2025,MATERIAL EDUCATIVO (CARTILHA),MEIO BIÓTICO,PRODUZIDO,ARQUIVO PDF,SUBPROJETO_3_(MARIA_ELINA)_CARTILHA-11,CARTILHA; CAVERNÍCOLA DA VEZ; UFSCAR; CAVERNAS,,,,,,,,,,,,,,,
TCCE 2/2020,SUBPROJETO 3,MARIA ELINA BICHUETTE,UM SIMPÁTICO E AMEAÇADO MOLUSCO DE CAVERNA - SPIRIPOCKIA UMBRATICOLA,04/2025,MATERIAL EDUCATIVO (CARTILHA),MEIO BIÓTICO,PRODUZIDO,ARQUIVO PDF,SUBPROJETO_3_(MARIA_ELINA)_CARTILHA-12,CARTILHA; CAVERNÍCOLA DA VEZ; UFSCAR; CAVERNAS,,,,,,,,,,,,,,,
TCCE 2/2020,SUBPROJETO 3,MARIA ELINA BICHUETTE,A EMBLEMÁTICA PIABA BRANCA - STYGICHTHYS TYPHLOPS,04/2025,MATERIAL EDUCATIVO (CARTILHA),MEIO BIÓTICO,PRODUZIDO,ARQUIVO PDF,SUBPROJETO_3_(MARIA_ELINA)_CARTILHA-13,CARTILHA; CAVERNÍCOLA DA VEZ; UFSCAR; CAVERNAS,,,,,,,,,,,,,,,
TCCE 2/2020,SUBPROJETO 3,"CARLOS MARIO LÓPEZ OROZCO, YESENIA M. CARPIO DIAZ, RICARDO BORJA ARRIETA, JÉSSICA SCAGLIONE GALLO, JONAS EDUARDO GALLÃO, IVANKLIN SOARES CAMPOS FILHO, MARIA ELINA BICHUETTE",SÍNTESE SOBRE A DIVERSIDADE DE ISÓPODES TERRESTRES (ONISCIDEA) CAVERNÍCOLAS DA REGIÃO DO VALE DO RIBEIRA - SUL DO ESTADO DE SÃO PAULO,11/2024,PUBLICAÇÃO CIENTÍFICA (TRABALHOS ACADÊMICOS),MEIO BIÓTICO,PUBLICADO,ARQUIVO PDF,SUBPROJETO_3_(MARIA_ELINA)_RESUMO-1,CAVERNAS; MATA ATLÂNTICA; TATUZINHOS-DE-JARDIM; TROGLÓBIOS; TROGLÓFILOS,,,,,,,,,,,,,,,
TCCE 2/2020,SUBPROJETO 3,"RICARDO BORJA ARRIETA, CARLOS MARIO LÓPEZ OROZCO, YESENIA M. CARPIO DIAZ, IVANKLIN SOARES CAMPOS FILHO, MARIA ELINA BICHUETTE",FAMÍLIA PUDEONISCIDAE (ISOPODA: ONISCIDEA) DO BRASIL: NOVAS CONTRIBUIÇÕES PARA A DISTRIBUIÇÃO,11/2024,PUBLICAÇÃO CIENTÍFICA (TRABALHOS ACADÊMICOS),MEIO BIÓTICO,PUBLICADO,ARQUIVO PDF,SUBPROJETO_3_(MARIA_ELINA)_RESUMO-2,BIODIVERSIDADE; CAVERNAS; ISÓPODES TERRESTRES; NEOTRÓPICO,,,,,,,,,,,,,,,
TCCE 2/2020,SUBPROJETO 3,"YESENIA M. CARPIO DIAZ, CARLOS MARIO LÓPEZ OROZCO, RICARDO BORJA ARRIETA, JONAS EDUARDO GALLÃO, IVANKLIN SOARES CAMPOS FILHO, MARIA ELINA BICHUETTE",COMPLETANDO O QUEBRA-CABEÇA: NOVAS ESPÉCIES DE ARMADILLIDAE (ONISCIDEA) DE CAVERNAS DAREGIÃO CENTRO-OESTE DO BRASIL,11/2024,PUBLICAÇÃO CIENTÍFICA (TRABALHOS ACADÊMICOS),MEIO BIÓTICO,PUBLICADO,ARQUIVO PDF,SUBPROJETO_3_(MARIA_ELINA)_RESUMO-3,CERRADO; GRUTA; SYNARMADILLO; TROGLÓBIOS; VENEZILLO,,,,,,,,,,,,,,,
TCCE 2/2020,SUBPROJETO 3,"JÉSSICA SCAGLIONE GALLO, MARIA ELINA BICHUETTE, GABRIEL LUCAS BOCHINI, CÉLIO MAGALHÃES, FERNANDO L. MANTELATTO","HISTÓRIA, DISTRIBUIÇÃO E PERSPECTIVA FUTURAS NO ESTUDO DE TRICHODACTYLIDAE EM CAVERNAS BRASILEIRAS",11/2024,PUBLICAÇÃO CIENTÍFICA (TRABALHOS ACADÊMICOS),MEIO BIÓTICO,PUBLICADO,ARQUIVO PDF,SUBPROJETO_3_(MARIA_ELINA)_RESUMO-4,CANRANGUEJO-DE-ÁGUA-DOCE; DISTRIBUIÇÃO; FAUNA SUBTERRÂNEA; TRICHODACTYLUS; TROGLÓFILO,,,,,,,,,,,,,,,
TCCE 2/2020,SUBPROJETO 3,"GABRIEL LUCAS BOCHINI, SÉRGIO L. S. BUENO, MARIA ELINA BICHUETTE, FERNANDO L. MANTELATTO",ANÁLISES MOLECULARES REVELAM A EXISTÊNCIA DE ESPÉCIES CRÍPTICAS SOB NOME AEGLA SCHMITTI,11/2024,PUBLICAÇÃO CIENTÍFICA (TRABALHOS ACADÊMICOS),MEIO BIÓTICO,PUBLICADO,ARQUIVO PDF,SUBPROJETO_3_(MARIA_ELINA)_RESUMO-5,BANCO GENÉTICO; DECAPODA; DIVERSIDADE TAXONÔMICA; REPOSITÓRIO CIENTÍFICO,,,,,,,,,,,,,,,
TCCE 2/2020,SUBPROJETO 3,"MARIA ELINA BICHUETTE, IVES SIMÕES ARNONE, JÉSSICA SCAGLIONE GALLO, JONAS EDUARDO GALLÃO, LEONARDO DE ASSIS, TAMIRES ZEPON","DOS ANOS DE1960 A 2021 - O POTENCIAL FAUNÍSTICO DA GRUTA DA TAPAGEM, PARQUE ESTADUAL CAVERNA DO DIABO",08/2022,PUBLICAÇÃO CIENTÍFICA (TRABALHOS ACADÊMICOS),MEIO BIÓTICO,PUBLICADO,ARQUIVO PDF,SUBPROJETO_3_(MARIA_ELINA)_RESUMO-6,FAUNA SUBTERRÂNEA; INTERIOR PAULISTA; INVENTÁRIO; TROGLÓBIO,,,,,,,,,,,,,,,
TCCE 2/2020,SUBPROJETO 3,"MARCUS VINÍCIUS DA SILVA AGUA DUARTE, JONAS EDUARDO GALLÃO, MARIA ELINA BICHUETTE",PROJETO BIODIVERSIDADE TROGLÓFILA NO BRASIL (PbioTroglophileBR): UMA RIQUEZA SUBESTIMADA,08/2022,PUBLICAÇÃO CIENTÍFICA (TRABALHOS ACADÊMICOS),MEIO BIÓTICO,PUBLICADO,ARQUIVO PDF,SUBPROJETO_3_(MARIA_ELINA)_RESUMO-7,BIODIVERSIDADE; BRASIL; CAVERNAS; LEVANTAMENTO; SHORTFALL; TROGLÓFILOS,,,,,,,,,,,,,,,
TCCE 2/2020,SUBPROJETO 3,"DAYANA FERREIRA TORRES, JONAS EDUARDO GALLÃO, MARIA ELINA BICHUETTE",CAVERNAS E SUA IMPORTÂNCIA PARA MANUTENÇÃO DAS POPULAÇÕES DE MORCEGOS: UM ESTUDO DE CASO EM UM CENÁRIO DE MUDANÇAS CLIMÁTICAS,08/2022,PUBLICAÇÃO CIENTÍFICA (TRABALHOS ACADÊMICOS),MEIO BIÓTICO,PUBLICADO,ARQUIVO PDF,SUBPROJETO_3_(MARIA_ELINA)_RESUMO-8,BAHIA; CAVERNAS; CONSERVAÇÃO; IMPACTO ANTRÓPICOS; MORCEGOS,,,,,,,,,,,,,,,
TCCE 2/2020,SUBPROJETO 3,"ALESSANDRA A. P. BUENO, MARIA ELINA BICHUETTE","MORPHOLOGICAL VARIABILITY BETWEEN POPULATIONS OF THE TROGLOBITIC AMPHIPOD HYALELLA VEREDAE CARDOSO AND BUENO, 2014",06/2022,PUBLICAÇÃO CIENTÍFICA (TRABALHOS ACADÊMICOS),MEIO BIÓTICO,PUBLICADO,ARQUIVO PDF,SUBPROJETO_3_(MARIA_ELINA)_RESUMO-9,HYALELLA; AMBIENTE HIPOGENO; MORFOLOGIA; SUL; BRASIL,,,,,,,,,,,,,,,
TCCE 2/2020,SUBPROJETO 3,"LUDMILA ROCHA PENONI, MARIA ELINA BICHUETTE, ALESSANDRA A. P. BUENO","TWO NEW SPECIES OF HYALELLA SMITH, 1874 (AMPHIPODA: HYALELLIDAE) FROM CAVES OF SÃO PAULO STATE, SOUTHEAST BRAZIL",06/2022,PUBLICAÇÃO CIENTÍFICA (TRABALHOS ACADÊMICOS),MEIO BIÓTICO,PUBLICADO,ARQUIVO PDF,SUBPROJETO_3_(MARIA_ELINA)_RESUMO-10,ANFÍPODOS; MORFOLOGIA; PARQUE ESTADUAL INTERVALES; TAXONOMIA,,,,,,,,,,,,,,,
TCCE 2/2020,SUBPROJETO 3,"LUDMILA ROCHA PENONI, MARIA ELINA BICHUETTE, ALESSANDRA A. P. BUENO","A NEW SPECIES OF HYALELLA SIMTH, 1874 (AMPHIPODA: HYALELLIDAE) FROM PARQUE ESTADUAL TURÍSTICO DO ALTO RIBEIRA - PETAR/SÃO PAULO, BRAZIL",06/2022,PUBLICAÇÃO CIENTÍFICA (TRABALHOS ACADÊMICOS),MEIO BIÓTICO,PUBLICADO,ARQUIVO PDF,SUBPROJETO_3_(MARIA_ELINA)_RESUMO-11,ANFÍPODOS; MORFOLOGIA; PARQUE ESTADUAL INTERVALES; TAXONOMIA,,,,,,,,,,,,,,,
TCCE 2/2020,SUBPROJETO 3,"IVANKLIN SOARES CAMPOS FILHO, JÉSSICA SCAGLIONE GALLO, YESENIA M. CARPIO DIAZ, CARLOS MARIO LÓPEZ OROZCO, RICARDO BORJA ARRIETA, MARIA ELINA BICHUETTE",CONTRIBUTIONS TO TERRESTRIAL ISOPODS (ONISCIDEA) FROM BRAZILIAN CAVES,06/2022,PUBLICAÇÃO CIENTÍFICA (TRABALHOS ACADÊMICOS),MEIO BIÓTICO,PUBLICADO,ARQUIVO PDF,SUBPROJETO_3_(MARIA_ELINA)_RESUMO-12,AMBIENTE CAVERNÍCOLA; NEOTROPICAL; ISÓPODES TERRESTRES,,,,,,,,,,,,,,,
TCCE 2/2020,SUBPROJETO 3,"LUÍS G.F. SANCHEZ, MARIA ELINA BICHUETTE, VERÔNICA SLOBODIAN","ANÁLISE MORFOLÓGICA DE UMA POPULAÇÃO TROGLOMÓRFICA DE PIMELODELLA EIGENMANN & EIGENMANN, 1988 (HEPTAPTERIDAE: SILURIFORMES)",10/2022,MATERIAL EDUCATIVO (PÔSTER/FOLDER),MEIO BIÓTICO,PUBLICADO,ARQUIVO PDF,SUBPROJETO_3_(MARIA_ELINA)_POSTER,ANATOMIA COMPARADA; PIMELODELLA KRONEI; PEIXES SUBTERRÂNEOS; TROGLOMORFISMOS,,,,,,,,,,,,,,,
TCCE 2/2020,SUBPROJETO 3,"JÉSSICA SCAGLIONE GALLO, JONAS EDUARDO GALLÃO, MARCUS VINÍCIUS DA SILVA AGUA DUARTE, BIANCA CLARO MAFRA OLIVEIRA, EMILLY LETÍCIA SILVA, MARIA FERNANDA CASTILHO ZANCHETA, LAURA FERREIRA SANTOS, MARIA ELINA BICHUETTE","A FAUNA SUBTERRÂNEA DO PARQUE ESTADUAL INTERVALES E SEU ENTORNO, SÃO PAULO: UM HOTSPOT A SER PRESERVADO",02/2024,PUBLICAÇÃO CIENTÍFICA (TRABALHOS ACADÊMICOS),MEIO BIÓTICO,PUBLICADO,ARQUIVO PDF,SUBPROJETO_3_(MARIA_ELINA)_RESUMO-13,AÇUNGUI; CAVERNA; ESTADO DE SÃO PAULO; TROGLÓFILOS; TROGLÓBIOS; UNIDADE DE CONSERVAÇÃO,,,,,,,,,,,,,,,
TCCE 2/2020,SUBPROJETO 3,"JÉSSICA SCAGLIONE GALLO, DANIEL C. CAVALLARI, MARIA ELINA BICHUETTE",PROTOCOLOS PARA O USO DO NANO CT-Scan NA DETECÇÃO DE TROGLOMORFISMOS EM DIPLÓPODES CAVERNÍCOLAS,02/2024,PUBLICAÇÃO CIENTÍFICA (TRABALHOS ACADÊMICOS),MEIO BIÓTICO,PUBLICADO,ARQUIVO PDF,SUBPROJETO_3_(MARIA_ELINA)_RESUMO-14,HIPÓGEO; IMAGEM 3D; NANOTOMOGRAFIA COMPUTADORIZADA; PIOLHO-DE-COBRA; PMA,,,,,,,,,,,,,,,
TCCE 2/2020,SUBPROJETO 3,"LAURA FERREIRA SANTOS, RODRIGO B. SALVADOR, DANIEL C. CAVALLARI, FERNANDA DOS SANTOS SILVA, MARIA ELINA BICHUETTE","PROJETO DIVERSIDADE DA MALACOFAUNA SUBTERRÂNEA BRASILEIRA (PrDiMaSuBR), COM ENFOQUE EM GASTROPODA (MOLLUSCA)",02/2024,PUBLICAÇÃO CIENTÍFICA (TRABALHOS ACADÊMICOS),MEIO BIÓTICO,PUBLICADO,ARQUIVO PDF,SUBPROJETO_3_(MARIA_ELINA)_RESUMO-15,BIODIVERSIDADE; CAVERNAS; FAUNA; GASTROPODA; SUBTERRÂNEA,,,,,,,,,,,,,,,
TCCE 2/2020,SUBPROJETO 3,"THALIA R. DA SILVA, MARIA ELINA BICHUETTE, PEDRO P. RIZZATO, GEORGE M. TALIAFERRO MATTOX","ANATOMIA COMPARADA DO ENCÉFALO E SISTEMAS SENSORIAIS EM BAGRES SUBTERRÂNEOS E EPÍGEOS DA CHAPADA DIAMANTINA, BAHIA (SILURIFORMES, TRICHOMYCTERIDAE, COPIONODONTINAE)",02/2024,PUBLICAÇÃO CIENTÍFICA (TRABALHOS ACADÊMICOS),MEIO BIÓTICO,PUBLICADO,ARQUIVO PDF,SUBPROJETO_3_(MARIA_ELINA)_RESUMO-16,MORFOLOGIA; CAVERNAS; PEIXES; TROGLOMORFISMO,,,,,,,,,,,,,,,
TCCE 2/2020,SUBPROJETO 3,"MARCUS VINÍCIUS DA SILVA AGUA DUARTE, EMILLY LETÍCIA SILVA, BIANCA CLARO MAFRA OLIVEIRA, MARIA FERNANDA CASTILHO ZANCHETA, LAURA FERREIRA SANTOS, JONAS EDUARDO GALLÃO, MARIA ELINA BICHUETTE","BIODIVERSIDADE SUBTERRÂNEA EM CAVERNAS ARENÍTICAS DA SERRA DO ITAQUERI, SÃO PAULO",02/2024,PUBLICAÇÃO CIENTÍFICA (TRABALHOS ACADÊMICOS),MEIO BIÓTICO,PUBLICADO,ARQUIVO PDF,SUBPROJETO_3_(MARIA_ELINA)_RESUMO-17,ECOLOGIA; BOTUCATU; CAVIDADES; FAUNÍSTICA; ITAQUERI; LEVANTAMENTO,,,,,,,,,,,,,,,
TCCE 2/2020,SUBPROJETO 3,"EMILLY LETÍCIA SILVA, CARLOS MARIO LÓPEZ OROZCO, IVANKLIN SOARES CAMPOS FILHO, MARIA ELINA BICHUETTE",OS ISÓPODES DA FAMÍLIA ARMADILLIDAE (MALACOSTRACA: ONISCIDEA): DISTRIBUIÇÃO E ECOLOGIA EM HABITATS SUBTERRÂNEOS NO BRASIL,02/2024,PUBLICAÇÃO CIENTÍFICA (TRABALHOS ACADÊMICOS),MEIO BIÓTICO,PUBLICADO,ARQUIVO PDF,SUBPROJETO_3_(MARIA_ELINA)_RESUMO-18,ARMADILLIDAE; CONSERVAÇÃO; DISTRIBUIÇÃO; ISÓPODES; MICROHABITATS; SUBTERRÂNEO,,,,,,,,,,,,,,,
TCCE 2/2020,SUBPROJETO 3,"JONAS EDUARDO GALLÃO, MARIA ELINA BICHUETTE",ESCORPIÕES EM CAVERNAS NO BRASIL,02/2024,PUBLICAÇÃO CIENTÍFICA (TRABALHOS ACADÊMICOS),MEIO BIÓTICO,PUBLICADO,ARQUIVO PDF,SUBPROJETO_3_(MARIA_ELINA)_RESUMO-19,ARACHNIDA; BOTHRIURIDAE; BUTHIDAE; TROGLÓBIO; TROGLÓFILO,,,,,,,,,,,,,,,
TCCE 2/2020,SUBPROJETO 3,"JONAS EDUARDO GALLÃO, JÉSSICA SCAGLIONE GALLO, MARIA ELINA BICHUETTE","ARACNÍDEOS EM CAVERNAS DA FLORESTA NACIONAL DE CARAJÁS E PARQUE NACIONAL DOS CAMPOS FERRUGINOSOS, ESTADO DO PARÁ, NORTE DO BRASIL",02/2024,PUBLICAÇÃO CIENTÍFICA (TRABALHOS ACADÊMICOS),MEIO BIÓTICO,PUBLICADO,ARQUIVO PDF,SUBPROJETO_3_(MARIA_ELINA)_RESUMO-20,ARACHNIDA; FAUNA SUBTERRÂNEA; TROGLÓBIO; TROGLÓFILO,,,,,,,,,,,,,,,
TCCE 2/2020,SUBPROJETO 3,"MARIA FERNANDA CASTILHO ZANCHETA, CARLOS MARIO LÓPEZ OROZCO, IVANKLIN SOARES CAMPOS FILHO, MARIA ELINA BICHUETTE",ISOPODA STYLONISCIDAE (ONISCIDEA) E SUA IMPORTÂNCIA PARA A CONSERVAÇÃO DA BIODIVERSIDADE SUBTERRÂNEA BRASILEIRA,02/2024,PUBLICAÇÃO CIENTÍFICA (TRABALHOS ACADÊMICOS),MEIO BIÓTICO,PUBLICADO,ARQUIVO PDF,SUBPROJETO_3_(MARIA_ELINA)_RESUMO-21,AMEAÇADA; CONSERVAÇÃO; DISTRIBUIÇÃO; ISÓPODES; STYLONISCIDAE; SUBTERRÂNEO,,,,,,,,,,,,,,,
TCCE 2/2020,SUBPROJETO 3,"BIANCA CLARO MAFRA OLIVEIRA, MARIA ELINA BICHUETTE",AMPLIANDO A DISTRIBUIÇÃO DE DOIS TÁXONS ÚNICOS PARA CAVERNAS BRASILEIRAS: AMPHIPODA E SPELAEOGRIPHACEA (CRUSTACEA: MALACOSTRACA),02/2024,PUBLICAÇÃO CIENTÍFICA (TRABALHOS ACADÊMICOS),MEIO BIÓTICO,PUBLICADO,ARQUIVO PDF,SUBPROJETO_3_(MARIA_ELINA)_RESUMO-22,AMPHIPODA; CAVERNAS; DISTRIBUIÇÃO; SPELAEOGRIPHACEA; SUBTERRÂNEO,,,,,,,,,,,,,,,
TCCE 2/2020,SUBPROJETO 3,MARIA ELINA BICHUETTE,QUÃO RICO É O BRASIL EM FAUNA SUBTERRÂNEA E O QUANTO ESTAMOS PROTEGENDO: O EXEMPLO DA INICIATIVA PRIVADA NO INVESTIMENTO DA CIÊNCIA ESPELEOBIOLÓGICA,02/2024,PUBLICAÇÃO CIENTÍFICA (TRABALHOS ACADÊMICOS),MEIO BIÓTICO,PUBLICADO,ARQUIVO PDF,SUBPROJETO_3_(MARIA_ELINA)_RESUMO-23,CAVERNAS; BRASIL; SETOR PRODUTIVO; BIOLOGIA SUBTERRÂNEA,,,,,,,,,,,,,,,
TCCE 2/2020,SUBPROJETO 3,"GABRIEL LUCAS BOCHINI, SÉRGIO L. S. BUENO, MARIA ELINA BICHUETTE, FERNANDO L. MANTELATTO",ANÁLISES MOLECULARES REVELAM A EXISTÊNCIA DE ESPÉCIES CRÍPTICAS EM DECÁPODES DO GÊNERO AEGLA (ANOMURA) DO SUDESTE-SUL DO BRASIL,02/2024,PUBLICAÇÃO CIENTÍFICA (TRABALHOS ACADÊMICOS),MEIO BIÓTICO,PUBLICADO,ARQUIVO PDF,SUBPROJETO_3_(MARIA_ELINA)_RESUMO-24,COMPLEXO DE ESPÉCIES; AEGLIDAE; CONSERVAÇÃO,,,,,,,,,,,,,,,
TCCE 2/2020,SUBPROJETO 3,"MARIA ELINA BICHUETTE, JÉSSICA SCAGLIONE GALLO, JONAS EDUARDO GALLÃO","SERRA DO RAMALHO, BAHIA: UMA ÁREA DE ELEVADA BIODIVERSIDADE SUBTERRÂNEA E DIVERSIDADE FILOGENÉTICA ÚNICA",02/2024,PUBLICAÇÃO CIENTÍFICA (TRABALHOS ACADÊMICOS),MEIO BIÓTICO,PUBLICADO,ARQUIVO PDF,SUBPROJETO_3_(MARIA_ELINA)_RESUMO-25,TROGLÓBIOS; CAVERNAS; BRASIL; CONSERVAÇÃO,,,,,,,,,,,,,,,
TCCE 2/2020,SUBPROJETO 3,"ABEL PÉREZ-GONZÁLEZ, MARIA PAULA PEREIRA, JONAS EDUARDO GALLÃO, MARIA ELINA BICHUETTE","DIVERSIDADE INÉDITA DE ZALMOXOIDEOS TROGLÓBIOS BRASILEIROS (ARACHNIDA: OPILIONES: ZALMOXOIDEA: ESCADABIIDAE, KIMULIDAE) REFLETE OS EFEITOS DAS MUDANÇAS CLIMÁTICAS ASSOCIADOS À FORMAÇÃO DA DIAGONASLL ÁRIDA SUL-AMERICANA",02/2024,PUBLICAÇÃO CIENTÍFICA (TRABALHOS ACADÊMICOS),MEIO BIÓTICO,PUBLICADO,ARQUIVO PDF,SUBPROJETO_3_(MARIA_ELINA)_RESUMO-26,ARACHNIDA; CAATINGA; CAVERNAS; CERRRADO; SUBTERRÂNEO,,,,,,,,,,,,,,,
TCCE 2/2020,SUBPROJETO 3,"CARLOS MARIO LÓPEZ OROZCO, IVANKLIN SOARES CAMPOS FILHO, YESENIA M. CARPIO DIAZ, RICARDO BORJA ARRIETA, EMILLY LETÍCIA SILVA, MARIA FERNANDA CASTILHO ZANCHETA, MARIA ELINA BICHUETTE",AMPLIANDO A DIVERSIDADE DE ISÓPODES TERRESTRES (ONISCIDEA) DE HABITATS SUBTERRÂNEOS NO BRASIL: NOVAS ESPÉCIES E NOVOS REGISTROS,02/2024,PUBLICAÇÃO CIENTÍFICA (TRABALHOS ACADÊMICOS),MEIO BIÓTICO,PUBLICADO,ARQUIVO PDF,SUBPROJETO_3_(MARIA_ELINA)_RESUMO-27,ISOPODA; HABITAT SUBTERRÂNEO; CAVERNAS; BRASIL; DIVERSIDADE ESCONDIDA,,,,,,,,,,,,,,,
TCCE 2/2020,SUBPROJETO 3,"MARCUS VINÍCIUS DA SILVA AGUA DUARTE, ROGÉRIO BERTANI, JONAS EDUARDO GALLÃO, MARIA ELINA BICHUETTE","ARANHAS-CARANGUEJEIRAS (ARANEAE, MYGALOMORPHAE) EM CAVERNAS NO BRASIL, UMA RIQUEZA SUBESTIMADA",02/2024,PUBLICAÇÃO CIENTÍFICA (TRABALHOS ACADÊMICOS),MEIO BIÓTICO,PUBLICADO,ARQUIVO PDF,SUBPROJETO_3_(MARIA_ELINA)_RESUMO-28,MIGALOMORFAS; CAVIDADES; FAUNÍSTICA; LEVANTAMENTO,,,,,,,,,,,,,,,
TCCE 2/2020,SUBPROJETO 3,"LAURA FERREIRA SANTOS, LÍGIA MARIA SABACK MOREIRA DORNELLAS, MARCUS VINÍCIUS DA SILVA AGUA DUARTE, BIANCA CLARO MAFRA OLIVEIRA, EMILY OLIVEIRA FONSECA, MARIA FERNANDA CASTILHO ZANCHETA, MARIA ELINA BICHUETTE","DISTRIBUIÇÃO ESPAÇO-TEMPORAL DA FAUNA SUBTERRÂNEA EM MEIO SUBTERRÂNEO SUPERFICIAL DA SERRA DO SAPO, CONCEIÇÃO DO MATO DENTRO, MINAS GERAIS",02/2024,PUBLICAÇÃO CIENTÍFICA (TRABALHOS ACADÊMICOS),MEIO BIÓTICO,PUBLICADO,ARQUIVO PDF,SUBPROJETO_3_(MARIA_ELINA)_RESUMO-29,BIODIVERSIDADE; FAUNÍSTICA; MSS; LEVANTAMENTO; SAPO; SERRA,,,,,,,,,,,,,,,
TCCE 2/2020,SUBPROJETO 3,"EMILLY LETÍCIA SILVA, BIANCA CLARO MAFRA OLIVEIRA, MARIA ELINA BICHUETTE, MARCUS VINÍCIUS DA SILVA AGUA DUARTE, CARLOS MARIO LÓPEZ OROZCO, MARIA FERNANDA CASTILHO ZANCHETA",A REGIÃO ARCO-PAINS: A CONTRADIÇÃO ENTRE UMA DIVERSIDADE SUBTERRÂNEA CONHECIDA E UMA CONSERVAÇÃO POUCO APLICADA,02/2024,PUBLICAÇÃO CIENTÍFICA (TRABALHOS ACADÊMICOS),MEIO BIÓTICO,PUBLICADO,ARQUIVO PDF,SUBPROJETO_3_(MARIA_ELINA)_RESUMO-30,CAVERNAS; CONSERVAÇÃO; MINAS GERAIS; TROGLÓBIOS,,,,,,,,,,,,,,,
TCCE 2/2020,SUBPROJETO 5,"LUCIANA DE RESENDE ALT, VITOR MARCOS AGUIAR DE MOURA",CURSOS DE INTRODUÇÃO ÀS PRÁTICAS DE CONSERVAÇÃO E RECUPERAÇÃO AMBIENTAL DE CAVERNAS TURÍSTICAS COMO FERRAMENTA PARA CAPACITAÇÃO E ENVOLVIMENTO DE AGENTES LOCAIS,04/2022,PUBLICAÇÃO CIENTÍFICA (TRABALHOS ACADÊMICOS),OUTROS,PUBLICADO,ARQUIVO PDF,SUBPROJETO_5_(LUCIANA_ALT)_RESUMO-1,CONSERVAÇÃO DE CAVERNAS; RECUPERAÇÃO AMBIENTAL; CAVERNAS TURÍSTICAS; EDUCAÇÃO AMBIENTAL,,,,,,,,,,,,,,,
TCCE 2/2020,SUBPROJETO 5,"LUCIANA DE RESENDE ALT, VITOR MARCOS AGUIAR DE MOURA",CURSOS DE INTRODUÇÃO ÀS PRÁTICAS DE CONSERVAÇÃO E RECUPERAÇÃO AMBIENTAL DE CAVERNAS TURÍSTICAS COMO FERRAMENTA PARA CAPACITAÇÃO E ENVOLVIMENTO DE AGENTES LOCAIS,04/2022,MATERIAL EDUCATIVO (PÔSTER/FOLDER),OUTROS,PUBLICADO,ARQUIVO PDF,SUBPROJETO_5_(LUCIANA_ALT)_POSTÊR-RESUMO-1,CONSERVAÇÃO DE CAVERNAS; RECUPERAÇÃO AMBIENTAL; CAVERNAS TURÍSTICAS; EDUCAÇÃO AMBIENTAL,,,,,,,,,,,,,,,
TCCE 2/2020,SUBPROJETO 5,"LUCIANA DE RESENDE ALT, VITOR MARCOS AGUIAR DE MOURA",INTRODUÇÃO ÀS PRÁTICAS DE CONSERVAÇÃO E RECUPERAÇÃO AMBIENTAL EM CAVERNAS TURÍSTICAS ,12/2023,LIVROS,OUTROS,PUBLICADO,LINK WEB PAGE,https://editora.iabs.org.br/site/index.php/portfolio-items/introducao-as-praticas-de-conservacao-e-recuperacao-ambiental-em-cavernas-turisticas/,CONSERVAÇÃO DE CAVERNAS; RECUPERAÇÃO AMBIENTAL; CAVERNAS TURÍSTICAS; EDUCAÇÃO AMBIENTAL,,,,,,,,,,,,,,,
TCCE 2/2020,SUBPROJETO 8,MARIA GIMENA CHAVES FITZGERALD,3D RECONSTRUCTION OF CAVES: AN ANALYSIS OF EXISTING LOW-COST RECONSTRUCTION ALTERNATIVES AND THEIR APPLICATION PROCESS,07/2023,PUBLICAÇÃO CIENTÍFICA (TRABALHOS ACADÊMICOS),OUTROS,PUBLICADO,ARQUIVO PDF,SUBPROJETO_8_(JOÃO_MARCELO)_DISSERTAÇÃO-1,MODELAGEM 3D; CAVERNAS; LiDAR; FOTOGRAMETRIA; RECONSTRUÇÃO 3D; BAIXO CUSTO,,,,,,,,,,,,,,,
TCCE 2/2020,SUBPROJETO 8,"JOÃO MARCELO TEIXEIRA, NARJARA TÉRCIA PIMENTAL, ÉDER BARBIER, ENRICO BERNARD, MARIA GIMENA CHAVES FITZGERALD",LOW COST- 3D RECONSTRUCTION OF CAVES,07/2023,PUBLICAÇÃO CIENTÍFICA (ARTIGOS),OUTROS,PUBLICADO,ARQUIVO PDF,SUBPROJETO_8_(JOÃO_MARCELO)_ARTIGO-1,SENSORES RGB-D; RECONSTRUÇÃO 3D; LEVANTAMENTO DE CAVERNAS,,,,,,,,,,,,,,,
TCCE 2/2020,SUBPROJETO 8,"MARIA GIMENA CHAVES FITZGERALD, VINÍCIUS VENTURA, GABRIEL VASCONCELOS, VALÉRIA MARTINS, JOÃO MARCELO TEIXEIRA, ENRICO BERNARD",RECONSTRUÇÃO 3D DE BAIXO CUSTO APLICADA A AMBIENTES DE CAVERNAS,09/2022,PUBLICAÇÃO CIENTÍFICA (TRABALHOS ACADÊMICOS),OUTROS,PUBLICADO,ARQUIVO PDF,SUBPROJETO_8_(JOÃO_MARCELO)_RESUMO-1,MODELAGEM 3D; RECONSTRUÇÃO 3D; CAVERNAS; LiDAR; RECONSTRUÇÃO DE BAIXO CUSTO,,,,,,,,,,,,,,,
TCCE 2/2020,SUBPROJETO 9,"JOSÉ IATAGAN MENDES DE FREITAS, ALESSANDRO FABIANO DE OLIVEIRA, DANIEL REIS MAIOLINO DE MENDONÇA, DIEGO DE MEDEIROS BENTO","PAREDÕES, ABRIGOS E CAVERNAS: CARACTERIZAÇÃO DO PATRIMÔNIO ESPELEOLÓGICO DO PARQUE NACIONAL DA SERRA DA CAPIVARA E DO PARQUE NACIONAL DA SERRA DAS CONFUSÕES",04/2022,PUBLICAÇÃO CIENTÍFICA (TRABALHOS ACADÊMICOS),MEIO FÍSICO,PUBLICADO,ARQUIVO PDF,SUBPROJETO_9_(DIEGO-BENTO)_RESUMO-1,INVENTÁRIO DE CAVIDADES; PROSPECÇÃO; CADASTRAMENTO ESPELEOLÓGICO; CONSERVAÇÃO PATRIMÔNIO ESPELEOLÓGICO,,,,,,,,,,,,,,,
TCCE 2/2020,SUBPROJETO 10,"BEATRIZ DYBAS NATIVIDADE, MARCIONE BRITO DE OLIVEIRA, PATRÍCIO ADRIANO DA ROCHA, NÁDIA M. C. SANTOS-CAVALCANTE, JOSÉ LUÍS PASSOS CORDEIRO, VALÉRIA C. TAVARES","RANGE EXTENSION AND NEW RECORDS OF TAILED TAILLESS BAT, ANOURA CAUDIFER (É. GEOFFROY, 1818), IN NORTHEASTERNS BRAZIL",01/2024,PUBLICAÇÃO CIENTÍFICA (ARTIGOS),MEIO BIÓTICO,PUBLICADO,ARQUIVO PDF,SUBPROJETO_10_(ENRICO-BERNARD)_ARTIGO-1,CAATINGA; CHIROPTERA; GLOSSOPHAGINAE; VARIAÇÃO MORFOLÓGICA; DETECÇÃO DE NÉCTAR,,,,,,,,,,,,,,,
TCCE 2/2020,SUBPROJETO 10,"BEATRIZ DYBAS NATIVIDADE, VALÉRIA C. TAVARES","FIRST RECORDS OF ANOURA CADENAI MANTILLA-MELUK & BAKER, 2006 (CHIROPTERA: PHYLLOSTOMIDAE) FOR VENEZUELA",12/2024,PUBLICAÇÃO CIENTÍFICA (ARTIGOS),MEIO BIÓTICO,PUBLICADO,LINK WEB PAGE,https://www.researchgate.net/publication/387132371_First_records_of_Anoura_cadenai_Mantilla-Meluk_Baker_2006_Chiroptera_Phyllostomidae_for_Venezuela,CHIROPTERA; MAMMALIA; ANOURA CADENAI,,,,,,,,,,,,,,,
TCCE 2/2020,SUBPROJETO 10,"CÍNTIA FERNANDA DA COSTA, ADRIANA ARIAS-AGUILAR, MARIA JOÃO RAMOS PEREIRA",AERIAL INSECTIVOROUS BATS IN THE BRAZILIAN PANTANAL: DIVERSITY AND ACTIVITY PATTERNS IN RESPONSE TO HABITAT AND MICROCLIMATE,10/2021,PUBLICAÇÃO CIENTÍFICA (ARTIGOS),MEIO BIÓTICO,PUBLICADO,ARQUIVO PDF,SUBPROJETO_10_(ENRICO-BERNARD)_ARTIGO-2,CHIROPTERA; MICROCLIMA; MONITORAMENTO ACÚSTICO; MORCEGOS INSETÍVOROS AÉREOS; PANTANAL,,,,,,,,,,,,,,,
TCCE 2/2020,SUBPROJETO 10,"LUCAS DE OLIVEIRA CARNEIRO, BRENO MELLADO, LEANDRO R. MONTEIRO, MARCELO R. NOGUEIRA","DWARFISM IN A SEBA'S SHORT-TAILED BAT, CAROLLIA PERSPICILLATA, WITH COMMENTS ON ITS FLIGHT AERODYNAMICS",02/2023,PUBLICAÇÃO CIENTÍFICA (ARTIGOS),MEIO BIÓTICO,PUBLICADO,LINK WEB PAGE,https://cdnsciencepub.com/doi/10.1139/cjz-2022-0109,CHIROPTERA; PHYLLOSTOMIDAE; ANOMALIAS DENTAL; ASAS; ACONDROPLASIA; CAROLLIA PERSPICILLATA,,,,,,,,,,,,,,,
TCCE 2/2020,SUBPROJETO 11,"JOCY BRANDÃO CRUZ, DIEGO DE MEDEIROS BENTO",O CECAV E A CONSERVAÇÃO DO PATRIMÔNIO ESPELEOLÓGICO NO BRASIL,06/2021,VÍDEOS,OUTROS,PUBLICADO,LINK VIDEO,https://www.youtube.com/watch?v=MfOmY2R-wTc,VÍDEO; CECAV; DIVULGAÇÃO; INSTITUCIONAL,,,,,,,,,,,,,,,
TCCE 2/2020,SUBPROJETO 11,"JOCY BRANDÃO CRUZ, DIEGO DE MEDEIROS BENTO",O QUE AS CAVERNAS NOS CONTAM SOBRE O PASSADO DA TERRA,06/2021,VÍDEOS,OUTROS,PUBLICADO,LINK VIDEO,https://www.youtube.com/watch?v=f9PVamVqhyc,VÍDEO; CECAV; DIVULGAÇÃO; INSTITUCIONAL,,,,,,,,,,,,,,,
TCCE 2/2020,SUBPROJETO 11,"JOCY BRANDÃO CRUZ, DIEGO DE MEDEIROS BENTO",GEOESPELEOLOGIA E CLIMATOLOGIA,06/2021,VÍDEOS,MEIO FÍSICO,PUBLICADO,LINK VIDEO,https://www.youtube.com/watch?v=wDvqYuTOTgA,VÍDEO; CECAV; DIVULGAÇÃO; INSTITUCIONAL,,,,,,,,,,,,,,,
TCCE 2/2020,SUBPROJETO 11,"JOCY BRANDÃO CRUZ, DIEGO DE MEDEIROS BENTO",BIOLOGIA SUBTERRÂNEA,06/2021,VÍDEOS,MEIO BIÓTICO,PUBLICADO,LINK VIDEO,https://www.youtube.com/watch?v=8U-rxGTFvF4,VÍDEO; CECAV; DIVULGAÇÃO; INSTITUCIONAL,,,,,,,,,,,,,,,
TCCE 2/2020,SUBPROJETO 11,"JOCY BRANDÃO CRUZ, DIEGO DE MEDEIROS BENTO",HISTÓRIA DA CONSERVAÇÃO DAS CAVERNAS NO BRASIL,06/2021,VÍDEOS,OUTROS,PUBLICADO,LINK VIDEO,https://www.youtube.com/watch?v=qVrzKC78vms,VÍDEO; CECAV; DIVULGAÇÃO; INSTITUCIONAL,,,,,,,,,,,,,,,
TCCE 2/2020,SUBPROJETO 11,"JOCY BRANDÃO CRUZ, DIEGO DE MEDEIROS BENTO",HISTÓRIAS NA ESPELEOLOGIA - RODRIGO LOPES E DIEGO BENTO,06/2021,VÍDEOS,OUTROS,PUBLICADO,LINK VIDEO,https://www.youtube.com/watch?v=yvpD-duNi9U,VÍDEO; CECAV; DIVULGAÇÃO; INSTITUCIONAL,,,,,,,,,,,,,,,
TCCE 2/2020,SUBPROJETO 11,"JOCY BRANDÃO CRUZ, DIEGO DE MEDEIROS BENTO",HISTÓRIAS NA ESPELEOLOGIA - ALLAN CALUX E LUIZ BEETHOVEN PILÓ,06/2021,VÍDEOS,OUTROS,PUBLICADO,LINK VIDEO,https://www.youtube.com/watch?v=Lc_rxvkXB5E,VÍDEO; CECAV; DIVULGAÇÃO; INSTITUCIONAL,,,,,,,,,,,,,,,
TCCE 2/2020,SUBPROJETO 11,"JOCY BRANDÃO CRUZ, DIEGO DE MEDEIROS BENTO","HISTÓRIAS NA ESPELEOLOGIA - CLAYTON LINO, JOCY CRUZ, CHICO BILL",06/2021,VÍDEOS,OUTROS,PUBLICADO,LINK VIDEO,https://www.youtube.com/watch?v=KX8bsFZk2p0,VÍDEO; CECAV; DIVULGAÇÃO; INSTITUCIONAL,,,,,,,,,,,,,,,
TCCE 2/2020,SUBPROJETO 13,"NELSON BAPTISTA DE O. R. COSTA, JORGE DUARTE ROSÁRIO, LETÍCIA AMARAL CARDOS0","PROSPECÇÃO E TOPOGRAFIA DE CAVERNAS NA PORÇÃO NORTE DA SERRA DE BALDIM, MINAS GERAIS, BRASIL",07/2025,PUBLICAÇÃO CIENTÍFICA (TRABALHOS ACADÊMICOS),OUTROS,PUBLICADO,ARQUIVO PDF,SUBPROJETO_13_(ALLAN_CALUX)_RESUMO-1,CONGRESSO INTERNACIONAL; ESPELEOLOGIA; BRASIL; VOLUME 4,,,,,,,,,,,,,,,
TCCE 2/2020,SUBPROJETO 13,"PAULO HENRIQUE ROSADO ARENAS, REGIANNE KELLY MOREIRA DA SILVA",VALE DO RIO GAMELEIRA - REDESCOBERTAS ESPELEOLÓGICAS NO P.A. GAMELEIRA E ENTORNO,07/2025,PUBLICAÇÃO CIENTÍFICA (TRABALHOS ACADÊMICOS),OUTROS,PUBLICADO,ARQUIVO PDF,SUBPROJETO_13_(ALLAN_CALUX)_RESUMO-3,CONGRESSO INTERNACIONAL; ESPELEOLOGIA; BRASIL; VOLUME 4,,,,,,,,,,,,,,,
TCCE 2/2020,SUBPROJETO 13,"EDENILSON ROBERTO DO NASCIMENTO, TONY VINÍCIUS MOREIRA SAMPAIO, DENILSON MENDES DOS SANTOS, ALLINE SOUZA PULCINI, GIOVANA GUTSTEIN GNATA",ATUALIZAÇÃO E VALIDAÇÃO DE DADOS GEOESPACIAIS DE CAVIDADES NATURAIS: UM ESTUDO DE CASO EM RIO BRANCO DO SUL - PR,07/2025,PUBLICAÇÃO CIENTÍFICA (TRABALHOS ACADÊMICOS),OUTROS,PUBLICADO,ARQUIVO PDF,SUBPROJETO_13_(ALLAN_CALUX)_RESUMO-4,CONGRESSO INTERNACIONAL; ESPELEOLOGIA; BRASIL; VOLUME 4,,,,,,,,,,,,,,,
TCCE 2/2020,SUBPROJETO 13,"ANTONIEL FERNANDES, LUCIANO EMERICH FARIA, NATHAN SILVA, MARCOS MOREIRA",CONTRIBUTIONS TO NATIONAL SPELEOLOGICAL DATABASES: CAVES OF THE MIDDLE RIO DAS VELHAS WATERSHED,07/2025,PUBLICAÇÃO CIENTÍFICA (TRABALHOS ACADÊMICOS),OUTROS,PUBLICADO,ARQUIVO PDF,SUBPROJETO_13_(ALLAN_CALUX)_RESUMO-2,CONGRESSO INTERNACIONAL; ESPELEOLOGIA; BRASIL; VOLUME 4,,,,,,,,,,,,,,,